"test_ligand","auroc","aupr","aupr_corrected","pearson","sender","approach"
"Comp",0.566579106890265,0.0411848842017324,0.03724011102619,0.047554242028877,NA,"sender-agnostic"
"Mmp16",0.543832087290338,0.0147611410109783,0.0108163678354359,0.0415609590421265,NA,"sender-agnostic"
"Prnp",0.648368357243844,0.014215690829288,0.0102709176537456,0.0496333706576859,NA,"sender-agnostic"
"Nppa",0.552151949888851,0.0118762629242914,0.00793148974874898,0.0597271511543951,NA,"sender-agnostic"
"Tgfb1",0.67929379672658,0.0110610204337883,0.00711624725824592,0.0560399262964515,NA,"sender-agnostic"
"Fgf1",0.620524348353221,0.0109484841390852,0.00700371096354282,0.0380799627667681,NA,"sender-agnostic"
"Cx3cl1",0.539624166498283,0.0103806453785638,0.00643587220302135,0.0123621476436519,NA,"sender-agnostic"
"Nrg1",0.554612042836924,0.00938641639811769,0.00544164322257528,0.00958384223773552,NA,"sender-agnostic"
"Esam",0.608365326328551,0.00920893751857113,0.00526416434302872,0.0368585851701303,NA,"sender-agnostic"
"Bmp6",0.570893109719114,0.0085504247756222,0.00460565160007979,0.039167315058595,NA,"sender-agnostic"
"Igf2",0.571448777530787,0.00815579684085296,0.00421102366531055,0.0347127034166399,NA,"sender-agnostic"
"Pdgfc",0.537027682360067,0.00812259117774938,0.00417781800220698,0.0274818528659487,NA,"sender-agnostic"
"Adm",0.57520206102241,0.00787510248747606,0.00393032931193365,0.0179261543758264,NA,"sender-agnostic"
"Ang",0.640381895332428,0.00782287530530566,0.00387810212976325,0.0239734763878462,NA,"sender-agnostic"
"Mfap2",0.610572842998586,0.00764419231242176,0.00369941913687935,0.036718870959832,NA,"sender-agnostic"
"Inhba",0.550954738330964,0.00744741485450336,0.00350264167896096,0.0389181819394166,NA,"sender-agnostic"
"Vegfc",0.592483329965625,0.00734995641794732,0.00340518324240491,0.0137534328872014,NA,"sender-agnostic"
"Bmp2",0.585229339260437,0.00717076353851694,0.00322599036297453,0.0313585097562598,NA,"sender-agnostic"
"Postn",0.617831885229327,0.00707054791246541,0.003125774736923,0.00146752401466266,NA,"sender-agnostic"
"Fgf7",0.609320064659505,0.00677744394864293,0.00283267077310052,0.022551459908924,NA,"sender-agnostic"
"Tgm2",0.58277429783793,0.00658230791316153,0.00263753473761912,0.0238031536774495,NA,"sender-agnostic"
"Jam2",0.570231359870692,0.00653934876667226,0.00259457559112986,0.0201824734568219,NA,"sender-agnostic"
"Lrig1",0.553404728227917,0.00652171138049278,0.00257693820495037,0.0165011064494353,NA,"sender-agnostic"
"Sema4d",0.5523893715902,0.00650558656274321,0.00256081338720081,0.0178580838975478,NA,"sender-agnostic"
"Lama4",0.634890887047902,0.00640351507520214,0.00245874189965974,0.0230476045282428,NA,"sender-agnostic"
"Bmp4",0.560456657910676,0.00636352072201851,0.00241874754647611,0.0315208274658232,NA,"sender-agnostic"
"Nts",0.592816730652651,0.00632796017936514,0.00238318700382274,0.0164706319732428,NA,"sender-agnostic"
"Sema4c",0.589992927864207,0.00627658414936948,0.00233181097382707,0.0211649417982252,NA,"sender-agnostic"
"App",0.528596686199215,0.0062268770012349,0.0022821038256925,0.0121664510681681,NA,"sender-agnostic"
"Epha4",0.546772075166685,0.00619613814928347,0.00225136497374107,0.0119619503043115,NA,"sender-agnostic"
"Efna1",0.575242473226924,0.00617651331938616,0.00223174014384376,0.0177064886744201,NA,"sender-agnostic"
"Ccl19",0.575722368155146,0.00616181676208293,0.00221704358654052,0.012394222632698,NA,"sender-agnostic"
"Pgf",0.571640735502096,0.00612820608593661,0.0021834329103942,0.0111088824724215,NA,"sender-agnostic"
"Angptl2",0.614962618710844,0.00610425201072245,0.00215947883518005,0.00100721776702633,NA,"sender-agnostic"
"Bace2",0.585739543342074,0.00603627815242528,0.00209150497688287,0.0191985019207771,NA,"sender-agnostic"
"C1qa",0.578596686199214,0.00602339609036246,0.00207862291482006,0.00960678120558287,NA,"sender-agnostic"
"Zdhhc5",0.579010911295216,0.00600476239584563,0.00205998922030322,0.0158535519982355,NA,"sender-agnostic"
"S100a4",0.624676702364068,0.00595490026785661,0.0020101270923142,0.0190036298758007,NA,"sender-agnostic"
"Fgf16",0.584249343301678,0.00590261435061384,0.00195784117507143,0.0163411163905195,NA,"sender-agnostic"
"Psap",0.560345524348337,0.00590037386760077,0.00195560069205837,0.0159404561437077,NA,"sender-agnostic"
"Tspan3",0.541659931299242,0.00587685881263157,0.00193208563708916,0.0150149252458324,NA,"sender-agnostic"
"Lamb1",0.580885027278248,0.00587419303411061,0.0019294198585682,0.0160815448779341,NA,"sender-agnostic"
"Lama2",0.589028086482121,0.00584953652878276,0.00190476335324036,0.0110997186534985,NA,"sender-agnostic"
"Prg4",0.582663164275593,0.00582646651896504,0.00188169334342264,0.0176237826163112,NA,"sender-agnostic"
"Osm",0.523600727419659,0.00581270845041482,0.00186793527487242,0.0268765130812438,NA,"sender-agnostic"
"Pdgfa",0.539684784805001,0.00578731450947533,0.00184254133393293,0.0157457521814361,NA,"sender-agnostic"
"Cd55",0.560779955546564,0.00578448634221118,0.00183971316666877,0.0137736990109008,NA,"sender-agnostic"
"Ifitm6",0.566235603152138,0.00577984979487231,0.0018350766193299,0.016805818847409,NA,"sender-agnostic"
"Vegfb",0.541594261466954,0.00577725097116961,0.0018324777956272,0.0108878411408041,NA,"sender-agnostic"
"Nlgn2",0.581738735098005,0.00572994467770816,0.00178517150216575,0.0173187225065296,NA,"sender-agnostic"
"Mpdz",0.601732673267316,0.00571227734735255,0.00176750417181014,0.0179398450636848,NA,"sender-agnostic"
"Neo1",0.592660133360269,0.00569351999561503,0.00174874682007262,0.0155610342635522,NA,"sender-agnostic"
"Col6a3",0.593872499494838,0.00568728051344553,0.00174250733790313,0.0178392222791654,NA,"sender-agnostic"
"Lamb2",0.583951303293583,0.00567986590155663,0.00173509272601422,0.0173523139503394,NA,"sender-agnostic"
"Sema3f",0.567094362497482,0.00567562177411701,0.0017308485985746,0.0131816382253714,NA,"sender-agnostic"
"Hbegf",0.57409577692462,0.00567549499592502,0.00173072182038262,-0.00193649876536186,NA,"sender-agnostic"
"Itgb1",0.568458274398872,0.0056677082538915,0.0017229350783491,0.0101180449916942,NA,"sender-agnostic"
"Col27a1",0.568852293392594,0.00565885864486193,0.00171408546931952,0.014930133686796,NA,"sender-agnostic"
"Efnb1",0.550267730854708,0.00565159984869319,0.00170682667315078,0.0134574802245403,NA,"sender-agnostic"
"Ezr",0.570387957163056,0.00558550098173544,0.00164072780619303,0.0110209043147729,NA,"sender-agnostic"
"Fgf18",0.581369973732057,0.00557544246294665,0.00163066928740424,0.00474878647795022,NA,"sender-agnostic"
"Col4a3",0.56492725803192,0.00556946885781183,0.00162469568226942,0.0136445545444503,NA,"sender-agnostic"
"Jam3",0.579960598100602,0.00556744492088949,0.00162267174534709,0.0155240218485925,NA,"sender-agnostic"
"Col6a6",0.574878763386537,0.00556657810363927,0.00162180492809687,0.0141465493021392,NA,"sender-agnostic"
"Hp",0.589937361083034,0.00556098275707342,0.00161620958153101,0.0174902758904061,NA,"sender-agnostic"
"Vcan",0.580021216407328,0.00554953920569032,0.00160476603014791,0.014311250283301,NA,"sender-agnostic"
"Fbn1",0.555637502525754,0.0055354664797518,0.00159069330420939,0.0105679891662652,NA,"sender-agnostic"
"Ocln",0.577929884825204,0.00553118828479843,0.00158641510925603,0.0169354532383954,NA,"sender-agnostic"
"Lin7c",0.575080824408975,0.00552066839929437,0.00157589522375196,0.0147362996679786,NA,"sender-agnostic"
"Col14a1",0.561451808446137,0.00550615260095465,0.00156137942541224,0.013237503837227,NA,"sender-agnostic"
"Mfge8",0.540664780763794,0.00550033067062317,0.00155555749508076,0.0114607114019373,NA,"sender-agnostic"
"Dsc2",0.565730450596072,0.00547993573485418,0.00153516255931178,0.0136851216903306,NA,"sender-agnostic"
"Fndc5",0.573999797938957,0.00547463140675822,0.00152985823121582,0.0141975984762587,NA,"sender-agnostic"
"Sema3c",0.564523135987063,0.00546877795590554,0.00152400478036313,0.0136119385731262,NA,"sender-agnostic"
"Timp1",0.575681955950689,0.00546610938182516,0.00152133620628275,0.00809768372340626,NA,"sender-agnostic"
"Calr",0.565553647201459,0.00546202757070235,0.00151725439515994,0.00817276375928849,NA,"sender-agnostic"
"Bgn",0.587285310163644,0.00543867347329758,0.00149390029775517,0.00914173607071383,NA,"sender-agnostic"
"Lum",0.578834107900568,0.00543621808648806,0.00149144491094565,0.0133079181422027,NA,"sender-agnostic"
"Cd79b",0.570094968680538,0.00542986107059317,0.00148508789505077,0.0131307178218847,NA,"sender-agnostic"
"Col15a1",0.564396847848043,0.00542706804849137,0.00148229487294897,0.01100205938923,NA,"sender-agnostic"
"Itga9",0.562148918973518,0.00540565683189283,0.00146088365635042,0.0119286232689682,NA,"sender-agnostic"
"Has1",0.567518690644566,0.00539818400434924,0.00145341082880683,0.0143873140343913,NA,"sender-agnostic"
"Plxna1",0.572721761972098,0.00538448241366732,0.00143970923812492,0.013089232128796,NA,"sender-agnostic"
"Gas6",0.612901596282072,0.00537258996542832,0.00142781678988592,0.0191169923474589,NA,"sender-agnostic"
"Penk",0.55828955344513,0.00537070449643265,0.00142593132089024,0.00741773935700492,NA,"sender-agnostic"
"Lgals3bp",0.566826631642739,0.0053554510472432,0.00141067787170079,0.0106894783722678,NA,"sender-agnostic"
"Col5a2",0.575717316629628,0.0053540318679295,0.00140925869238709,0.00739442051874155,NA,"sender-agnostic"
"Sfrp1",0.590265710244471,0.00534966001781814,0.00140488684227573,0.0150742040236445,NA,"sender-agnostic"
"C3",0.572448979591826,0.00534446069139583,0.00139968751585343,0.0105421050984651,NA,"sender-agnostic"
"Lrfn4",0.56316932713679,0.00534401802687028,0.00139924485132787,0.0124175783133738,NA,"sender-agnostic"
"Col4a2",0.570771873105648,0.00533420940603785,0.00138943623049544,0.0103771964326104,NA,"sender-agnostic"
"Nrxn1",0.580960800161642,0.00533244915990092,0.00138767598435852,0.0165277263472898,NA,"sender-agnostic"
"Serping1",0.553611840775896,0.00532554794788491,0.0013807747723425,0.0124471806935485,NA,"sender-agnostic"
"Tnf",0.568842190341476,0.0053201907003769,0.00137541752483449,0.00837350800585383,NA,"sender-agnostic"
"Sema7a",0.55139927258031,0.00531182747024141,0.001367054294699,0.0102789664495268,NA,"sender-agnostic"
"Enpp1",0.565786017377248,0.0053073230454145,0.00136254986987209,0.0119851665885811,NA,"sender-agnostic"
"Efnb2",0.556127500505135,0.00530685152223223,0.00136207834668982,0.0122947575323354,NA,"sender-agnostic"
"Col5a3",0.584092746009282,0.00530551079879067,0.00136073762324826,0.0128625437249582,NA,"sender-agnostic"
"B2m",0.571241664982834,0.0053037109261097,0.0013589377505673,0.00985613966779262,NA,"sender-agnostic"
"Sparc",0.574070519296816,0.00529900235961481,0.00135422918407241,0.00761287219712703,NA,"sender-agnostic"
"Col16a1",0.562482319660535,0.00527071546596474,0.00132594229042233,0.00825089300213144,NA,"sender-agnostic"
"Nrxn2",0.560254596888238,0.00526440879651985,0.00131963562097745,0.00911238674593494,NA,"sender-agnostic"
"Lamb3",0.587376237623759,0.00526263258452475,0.00131785940898235,0.0135084135265963,NA,"sender-agnostic"
"Hspg2",0.552207516670021,0.00525659553329911,0.00131182235775671,0.0116070252158953,NA,"sender-agnostic"
"Col4a4",0.563421903414824,0.00525382155937581,0.00130904838383341,0.0094873657419254,NA,"sender-agnostic"
"Anxa2",0.555566781167898,0.00524457604383031,0.0012998028682879,0.00811526308144094,NA,"sender-agnostic"
"Tgfb3",0.566634673671422,0.0052331203150678,0.00128834713952539,0.00468870825611672,NA,"sender-agnostic"
"Il1rn",0.607117599515043,0.00522636828701706,0.00128159511147465,0.010446117189497,NA,"sender-agnostic"
"Col4a5",0.554738330975932,0.00522417852340321,0.0012794053478608,0.0108517687434436,NA,"sender-agnostic"
"Cd59b",0.556167912709618,0.00521134374043844,0.00126657056489604,0.00647174656789056,NA,"sender-agnostic"
"Cd59a",0.556188118811861,0.00521062796959208,0.00126585479404967,0.0064723199555273,NA,"sender-agnostic"
"Slc6a8",0.570448575469777,0.00520243738899566,0.00125766421345325,0.011632458028965,NA,"sender-agnostic"
"H2-K1",0.556243685593044,0.00519700245362053,0.00125222927807813,0.009088917372232,NA,"sender-agnostic"
"Col6a2",0.552162052939975,0.00518478703637122,0.00124001386082882,0.0107463230779906,NA,"sender-agnostic"
"H2-Q4",0.555733481511413,0.00518321248276277,0.00123843930722036,0.00906656072599419,NA,"sender-agnostic"
"H2-Q6",0.555733481511413,0.00518321248276277,0.00123843930722036,0.00906656072599419,NA,"sender-agnostic"
"H2-D1",0.555728429985853,0.00518284664325099,0.00123807346770858,0.00906743602876287,NA,"sender-agnostic"
"Vegfa",0.511936754899962,0.00517432228833492,0.00122954911279252,0.00863350131407846,NA,"sender-agnostic"
"Agrn",0.557592442917751,0.00516521065312331,0.0012204374775809,0.0080636998894252,NA,"sender-agnostic"
"Lrrc4b",0.552833905839556,0.00516318542740426,0.00121841225186185,0.012358634974998,NA,"sender-agnostic"
"Myoc",0.549373610830459,0.00514158938201663,0.00119681620647422,0.00661968072997492,NA,"sender-agnostic"
"Fn1",0.542670236411375,0.00513494107889444,0.00119016790335203,0.0071188143367301,NA,"sender-agnostic"
"Arf1",0.558683572438859,0.00513137696822224,0.00118660379267983,0.011230676680562,NA,"sender-agnostic"
"Dcn",0.540851687209515,0.00512861248059584,0.00118383930505344,0.00763714577281589,NA,"sender-agnostic"
"Sema4a",0.558456253788644,0.00512693713687178,0.00118216396132938,0.0108840133026488,NA,"sender-agnostic"
"Ildr2",0.528041018387545,0.00512572335932082,0.00118095018377841,0.0088986240507969,NA,"sender-agnostic"
"Calm3",0.561709436249714,0.00512101600341247,0.00117624282787006,0.0088568062124303,NA,"sender-agnostic"
"Itga4",0.546085067690438,0.00509709356882415,0.00115232039328175,0.0102682076459971,NA,"sender-agnostic"
"Apoc2",0.56793291574054,0.00509674159588913,0.00115196842034672,0.0113214454286298,NA,"sender-agnostic"
"Col3a1",0.557223681551821,0.0050763781035637,0.00113160492802129,0.0115707733407625,NA,"sender-agnostic"
"Calm2",0.56724590826428,0.0050750375422225,0.00113026436668009,0.006195254455369,NA,"sender-agnostic"
"Itgal",0.53950798141038,0.00507463830031399,0.00112986512477159,0.0106046756706298,NA,"sender-agnostic"
"Gpi1",0.552859163467354,0.00507150668810164,0.00112673351255924,0.00593956772012402,NA,"sender-agnostic"
"Tspan5",0.534335219236205,0.00506844685877224,0.00112367368322984,0.00876103120411689,NA,"sender-agnostic"
"Calm1",0.555900181854909,0.00506573249393472,0.00112095931839232,0.0081997173632914,NA,"sender-agnostic"
"Gpc3",0.554576682157998,0.0050623493954193,0.00111757621987689,0.00965307266762623,NA,"sender-agnostic"
"Ahsg",0.555965851687189,0.00505645047622169,0.00111167730067928,0.00977605848178544,NA,"sender-agnostic"
"Crhr2",0.539684784805004,0.00504840015385701,0.00110362697831461,0.00693547591107973,NA,"sender-agnostic"
"Plekho2",0.537042836936747,0.00504394596449262,0.00109917278895021,0.00980673280440652,NA,"sender-agnostic"
"Mfng",0.575717316629607,0.0050247269957235,0.00107995382018109,0.0101085740425612,NA,"sender-agnostic"
"Ncam1",0.569271570014128,0.00502270031126654,0.00107792713572414,0.0120304505287198,NA,"sender-agnostic"
"Mmp14",0.558794706001201,0.00501341173805006,0.00106863856250766,0.00896900693477184,NA,"sender-agnostic"
"Plxna2",0.591003232976339,0.00500717291554651,0.0010623997400041,0.0110215695850048,NA,"sender-agnostic"
"Ecm1",0.552732875328323,0.00499999727866588,0.00105522410312347,0.00912122202024279,NA,"sender-agnostic"
"S100a8",0.584820165690033,0.00499460407597793,0.00104983090043552,0.0127061243126983,NA,"sender-agnostic"
"F11r",0.53865932511617,0.00498526623428131,0.0010404930587389,0.0075013952961951,NA,"sender-agnostic"
"Col6a1",0.570236411396237,0.00498010974591415,0.00103533657037174,0.00606443114689125,NA,"sender-agnostic"
"Gnas",0.542306526571007,0.00497813966012381,0.0010333664845814,0.00477575070801474,NA,"sender-agnostic"
"Lamc1",0.546857951101221,0.00496878340357768,0.00102401022803528,0.00744727502735412,NA,"sender-agnostic"
"Angptl1",0.543473428975524,0.00496274900323379,0.00101797582769138,0.00947495549679525,NA,"sender-agnostic"
"Sost",0.56493230955747,0.00496209743503648,0.00101732425949408,0.0105063430741917,NA,"sender-agnostic"
"Fgf14",0.549065467771262,0.0049539486887798,0.0010091755132374,0.00952406269983193,NA,"sender-agnostic"
"Nrp1",0.533648211759946,0.00493319576004628,0.000988422584503878,0.0047108993105489,NA,"sender-agnostic"
"Pdgfb",0.521681147706597,0.00493076323472994,0.000985990059187536,0.00933183922636661,NA,"sender-agnostic"
"Col4a1",0.535906243685573,0.00492217984784373,0.000977406672301327,0.00432053509046216,NA,"sender-agnostic"
"Timp3",0.536820569812073,0.00490872451849574,0.000963951342953337,0.0077339389855528,NA,"sender-agnostic"
"Sema6b",0.572221660941576,0.00490321865181206,0.000958445476269649,0.0101775188143097,NA,"sender-agnostic"
"Sema3d",0.545069711052727,0.0049025629983418,0.000957789822799397,0.00754823618809711,NA,"sender-agnostic"
"Ctsd",0.572630834512006,0.00489867266684447,0.000953899491302059,0.010517330889306,NA,"sender-agnostic"
"A2m",0.562775308143048,0.00489522561590753,0.000950452440365126,0.0108393515423026,NA,"sender-agnostic"
"Cd9",0.534749444332181,0.00489479947264908,0.000950026297106677,0.000984609838819684,NA,"sender-agnostic"
"Lama5",0.544327136795292,0.00489436123592375,0.000949588060381347,0.00906408403610433,NA,"sender-agnostic"
"Slit3",0.556829662558074,0.00489231358221575,0.000947540406673343,0.00741333823081839,NA,"sender-agnostic"
"Cd320",0.550469791877121,0.0048788782876548,0.000934105112112398,0.00902067691403124,NA,"sender-agnostic"
"Col4a6",0.533420893109714,0.00486223996754639,0.000917466792003987,0.00828067831121686,NA,"sender-agnostic"
"C4b",0.537022630834506,0.00485492458618461,0.000910151410642202,0.0059044311673367,NA,"sender-agnostic"
"Efnb3",0.534178621943812,0.00485172478993938,0.000906951614396977,0.00785472169108737,NA,"sender-agnostic"
"Col5a1",0.55791574055363,0.00484596017608218,0.000901187000539777,0.00359901067070146,NA,"sender-agnostic"
"Cd38",0.576490200040385,0.00484440287336366,0.000899629697821254,0.0071363156113989,NA,"sender-agnostic"
"Msn",0.539654475651636,0.00484183141113938,0.000897058235596969,0.00768251933267642,NA,"sender-agnostic"
"Cd47",0.531132552030715,0.00483773951350948,0.000892966337967072,0.00468097057877898,NA,"sender-agnostic"
"Ptdss1",0.527369165487953,0.0048326869897874,0.000887913814244991,0.00722228765080065,NA,"sender-agnostic"
"Nppb",0.558562335825405,0.00483161311504155,0.000886839939499146,0.00810950386835153,NA,"sender-agnostic"
"Sirpb1b",0.544514043241051,0.00482865913128834,0.00088388595574593,0.00830010218098628,NA,"sender-agnostic"
"Fgf12",0.534421095170729,0.00482093249328318,0.000876159317740778,0.00770652789033753,NA,"sender-agnostic"
"Fat4",0.546110325318242,0.00481677850431549,0.000872005328773079,0.0106671129861567,NA,"sender-agnostic"
"Sema5a",0.544574661547773,0.00481380865845552,0.00086903548291311,0.00440706019974176,NA,"sender-agnostic"
"Adam9",0.533789654475634,0.00480985971138133,0.000865086535838927,0.00563442306382973,NA,"sender-agnostic"
"Bmp1",0.569918165285901,0.0048015857537681,0.000856812578225691,0.00878526286892733,NA,"sender-agnostic"
"Nampt",0.542740957769252,0.00479863870045311,0.000853865524910705,0.00640504860116241,NA,"sender-agnostic"
"Apoe",0.531632653061223,0.00479822427921315,0.000853451103670746,0.00467286114677275,NA,"sender-agnostic"
"Lrrn2",0.564644372600523,0.00479549406072705,0.000850720885184644,0.0116282791337269,NA,"sender-agnostic"
"Cxcl9",0.549439280662757,0.00479131588174911,0.000846542706206701,0.00577479513931055,NA,"sender-agnostic"
"Thy1",0.553677510608194,0.00479131182337534,0.000846538647832935,0.00766319423967446,NA,"sender-agnostic"
"Lgals3",0.533971509395827,0.00477784590166453,0.000833072726122128,0.00466630947830395,NA,"sender-agnostic"
"Il16",0.543852293392599,0.00476967265125164,0.000824899475709231,0.00592449132495895,NA,"sender-agnostic"
"Slit2",0.509784805011109,0.0047658213323854,0.000821048156842992,0.00528398239154485,NA,"sender-agnostic"
"Vwf",0.536795312184267,0.00475687543839061,0.000812102262848205,0.00352796599942917,NA,"sender-agnostic"
"Sema3b",0.537325722368141,0.00475193986120629,0.000807166685663884,0.007989975758166,NA,"sender-agnostic"
"Itgb2",0.550772883410784,0.00474544485313978,0.000800671677597378,0.00578724857231939,NA,"sender-agnostic"
"Lgals1",0.55189432208526,0.00474465149258209,0.000799878317039687,0.00349624797288629,NA,"sender-agnostic"
"Mxra8",0.56088603758334,0.00473817777457393,0.000793404599031522,0.00773060055188371,NA,"sender-agnostic"
"Sema3a",0.54956556880176,0.00473795444436979,0.000793181268827384,0.00986708417460551,NA,"sender-agnostic"
"Fam3c",0.535204081632654,0.00473777504367028,0.000793001868127873,0.0047696145919784,NA,"sender-agnostic"
"Fgf13",0.516154778743174,0.00472667583043361,0.0007819026548912,0.00623391421280933,NA,"sender-agnostic"
"Igf1",0.561775106082027,0.00471794028431082,0.000773167108768415,-0.00260266262951801,NA,"sender-agnostic"
"Cd72",0.533865427359061,0.00471744243466919,0.000772669259126784,0.00469931711897324,NA,"sender-agnostic"
"Bmp10",0.54220044453425,0.00471721181107206,0.000772438635529657,0.00672393043126599,NA,"sender-agnostic"
"Apoa1",0.525974944433222,0.00471679809561909,0.000772024920076688,0.00368583254524364,NA,"sender-agnostic"
"Psen1",0.528733077389351,0.00471408198880223,0.000769308813259826,0.00198544915400276,NA,"sender-agnostic"
"Edn1",0.548535057587375,0.00471371340811274,0.000768940232570329,-0.00107516523418503,NA,"sender-agnostic"
"Pros1",0.533223883612833,0.00469956225459766,0.000754789079055252,0.00578433151255809,NA,"sender-agnostic"
"Lrpap1",0.504243281470997,0.00469882349879922,0.000754050323256813,0.00434438782505105,NA,"sender-agnostic"
"Shisa4",0.524459486764981,0.00469793007257649,0.000753156897034086,0.00589034795716436,NA,"sender-agnostic"
"Angptl4",0.558577490402079,0.00468738479024783,0.000742611614705428,-0.00497671159776892,NA,"sender-agnostic"
"Copa",0.53808345120225,0.0046791866599271,0.000734413484384696,0.00199469813120353,NA,"sender-agnostic"
"Pecam1",0.525045463730036,0.0046569356761675,0.000712162500625089,0.00445815778709831,NA,"sender-agnostic"
"Vcam1",0.533112750050505,0.00464092717516795,0.000696153999625544,0.00459954026997513,NA,"sender-agnostic"
"Dusp18",0.515498080420275,0.00463994734476717,0.000695174169224764,0.00557276699129082,NA,"sender-agnostic"
"Vtn",0.529061426550808,0.0046350726718932,0.000690299496350796,0.00298777994170006,NA,"sender-agnostic"
"Grn",0.517826833703774,0.00462263774074146,0.000677864565199049,0.00158678664644404,NA,"sender-agnostic"
"Sirpa",0.546413416851885,0.00462053342557358,0.000675760250031176,0.00629015467546186,NA,"sender-agnostic"
"Gstp1",0.53453728025861,0.00461772007066141,0.000672946895119,0.00568084235072158,NA,"sender-agnostic"
"Gstp2",0.53453728025861,0.00461772007066141,0.000672946895119,0.00568084235072158,NA,"sender-agnostic"
"F13a1",0.53000606183067,0.00461630619347765,0.000671533017935241,0.00396971774154282,NA,"sender-agnostic"
"Cp",0.55786522529803,0.00460487791843065,0.000660104742888244,0.00622489303359345,NA,"sender-agnostic"
"Mmp9",0.535633461305303,0.004601549975696,0.000656776800153592,0.00258345070407621,NA,"sender-agnostic"
"Mdk",0.51259345322286,0.0045989360704315,0.000654162894889089,0.00192708466291793,NA,"sender-agnostic"
"Tfpi",0.529662558092543,0.00459390798566044,0.000649134810118036,0.0037105857663718,NA,"sender-agnostic"
"Pltp",0.519508991715484,0.00458859262559299,0.000643819450050579,0.00382479984255199,NA,"sender-agnostic"
"Dll4",0.568084461507378,0.00457898931014549,0.000634216134603079,0.00227541917150768,NA,"sender-agnostic"
"Sema6a",0.525313194584747,0.00457517246098141,0.000630399285439001,0.00534724799515684,NA,"sender-agnostic"
"Thbs2",0.553076379066458,0.00457123954491135,0.000626466369368945,0.0034273489662952,NA,"sender-agnostic"
"Gdf10",0.540412204485747,0.00457063731703506,0.000625864141492656,0.0040913536044194,NA,"sender-agnostic"
"Eng",0.535360678925039,0.00456719775152279,0.000622424575980388,0.00493765719062343,NA,"sender-agnostic"
"Rgma",0.529612042836921,0.00455522840719271,0.000610455231650302,0.00598832966459494,NA,"sender-agnostic"
"Lfng",0.541301272984444,0.00454783215014471,0.000603058974602305,0.00352733929310278,NA,"sender-agnostic"
"Inhbb",0.538618912911685,0.00454776986059765,0.000602996685055244,0.00626209665273813,NA,"sender-agnostic"
"Adam10",0.53675489997978,0.00454757125576966,0.000602798080227254,0.00373845859497804,NA,"sender-agnostic"
"Adam17",0.535855728429963,0.00454131105759191,0.0005965378820495,-0.00248838914172454,NA,"sender-agnostic"
"Col8a1",0.535961810466754,0.00453701993629739,0.000592246760754985,0.00519949054695523,NA,"sender-agnostic"
"Cdh5",0.540720347544942,0.00453340314428293,0.000588629968740525,0.00545274756759104,NA,"sender-agnostic"
"Efna5",0.501667003435033,0.00451400092967635,0.000569227754133944,0.00216063959973201,NA,"sender-agnostic"
"H2-DMb1",0.54536269953525,0.00450306167208811,0.000558288496545703,0.00431332525998207,NA,"sender-agnostic"
"Rarres2",0.575611234592828,0.00449932541670288,0.000554552241160471,0.00507160962924095,NA,"sender-agnostic"
"Bmp3",0.52725298040007,0.00449606117919037,0.000551288003647966,0.00506742673544039,NA,"sender-agnostic"
"Cxcl1",0.525656698322882,0.00448870165243959,0.000543928476897188,0.002269005165923,NA,"sender-agnostic"
"Serpinf1",0.517559102849049,0.00447843668406986,0.000533663508527456,0.003905726474857,NA,"sender-agnostic"
"Angpt2",0.480703172358048,0.00447820432271731,0.000533431147174908,0.000290045528555351,NA,"sender-agnostic"
"Tgfb2",0.526732673267296,0.0044707704325,0.000525997256957589,0.00341901318129825,NA,"sender-agnostic"
"Col1a1",0.517978379470588,0.00446677432597077,0.000522001150428365,0.00210298967698647,NA,"sender-agnostic"
"Scube2",0.522489391796303,0.0044539142724629,0.000509141096920491,0.00535222972573732,NA,"sender-agnostic"
"Icam1",0.532880379874716,0.00445203507800732,0.000507261902464916,0.00344027400573313,NA,"sender-agnostic"
"Cd14",0.531324510002018,0.00444765407721496,0.000502880901672552,0.00173234749727736,NA,"sender-agnostic"
"Ntn1",0.525095978985637,0.0044438213842529,0.000499048208710497,0.00272943708162881,NA,"sender-agnostic"
"Lpl",0.505450596080003,0.00444261717902318,0.000497844003480769,0.00219874476590032,NA,"sender-agnostic"
"Wnt5b",0.538189533239034,0.00444246712533727,0.000497693949794867,-0.00507904038807325,NA,"sender-agnostic"
"Boc",0.51323499696906,0.00444072274639172,0.000495949570849309,0.00442909037198294,NA,"sender-agnostic"
"Siglece",0.51261871085067,0.00443701272689994,0.000492239551357534,0.00326090904511834,NA,"sender-agnostic"
"Dchs1",0.545367751060815,0.00442677025797711,0.000481997082434699,0.00428371501734825,NA,"sender-agnostic"
"Pf4",0.528157203475441,0.00442635325737366,0.000481580081831256,-0.00495166634262646,NA,"sender-agnostic"
"Cdh2",0.520660739543335,0.00442559933534347,0.000480826159801067,0.00106884821332991,NA,"sender-agnostic"
"H2-DMa",0.52421701353809,0.00442331932036886,0.000478546144826451,0.00500035832891564,NA,"sender-agnostic"
"Traf2",0.523822994544344,0.00441614476433077,0.00047137158878836,0.00157678683341185,NA,"sender-agnostic"
"Itgam",0.538492624772683,0.00440901905344497,0.000464245877902566,0.00329834581771537,NA,"sender-agnostic"
"Gpc6",0.513199636290143,0.00438840796070502,0.000443634785162609,0.00237760620278834,NA,"sender-agnostic"
"Fst",0.501242675287933,0.00438677607846423,0.000442002902921824,0.0019035099469524,NA,"sender-agnostic"
"Spon1",0.502258031925639,0.00435715635505668,0.000412383179514276,0.00219537730287695,NA,"sender-agnostic"
"Col18a1",0.505900181854914,0.00434423509467065,0.000399461919128242,0.00197772970862843,NA,"sender-agnostic"
"Flrt2",0.51039603960395,0.00433299487063691,0.000388221695094507,0.00287382983808288,NA,"sender-agnostic"
"Cxcl12",0.522595473833086,0.00433192453491837,0.000387151359375964,-0.00313356615780117,NA,"sender-agnostic"
"Robo1",0.491053748231951,0.00432101918954142,0.000376246013999011,0.000778459672115847,NA,"sender-agnostic"
"Col1a2",0.513911901394197,0.00431645714798663,0.000371683972444223,0.00111110434544225,NA,"sender-agnostic"
"Csf1",0.510461709436243,0.0043042930888326,0.000359519913290193,-0.00440572580768668,NA,"sender-agnostic"
"Wnt9a",0.526065871893304,0.00428096190535994,0.000336188729817536,-0.00572937242964282,NA,"sender-agnostic"
"Mmp15",0.495625378864407,0.00427396252215348,0.000329189346611069,0.000585662921108344,NA,"sender-agnostic"
"Jag2",0.538325924429159,0.00426906182451916,0.000324288648976751,0.00289220728551172,NA,"sender-agnostic"
"Tnxb",0.503364316023431,0.0042670786497721,0.00032230547422969,-0.000644030112427202,NA,"sender-agnostic"
"Gdf15",0.525596080016157,0.00422471737625342,0.000279944200711013,0.00042170795112005,NA,"sender-agnostic"
"Furin",0.537871287128706,0.00422469264869277,0.000279919473150364,-0.00828779312710337,NA,"sender-agnostic"
"Wnt11",0.518256213376436,0.00422128496947142,0.000276511793929012,-0.00592894421368415,NA,"sender-agnostic"
"Igsf3",0.490972923822983,0.00421757476343079,0.000272801587888387,6.9488809960723e-05,NA,"sender-agnostic"
"Angptl6",0.521964033138,0.00420191475379202,0.000257141578249615,0.000994302561531466,NA,"sender-agnostic"
"Mmp2",0.511522529803993,0.00418964070160064,0.000244867526058233,0.000960995011029688,NA,"sender-agnostic"
"Clec11a",0.52247423721964,0.00417205363463813,0.000227280459095722,0.000137052641009661,NA,"sender-agnostic"
"Jag1",0.518422913719934,0.00414137530136818,0.000196602125825777,-0.00748315292431991,NA,"sender-agnostic"
"Ccl11",0.523545160638501,0.00413142873672854,0.000186655561186137,0.00125410478429395,NA,"sender-agnostic"
"Sdc2",0.500222267124663,0.00412888363064578,0.000184110455103377,0.000270328832986999,NA,"sender-agnostic"
"Wnt5a",0.507415639523137,0.00412734783159056,0.000182574656048153,-0.00738740057139114,NA,"sender-agnostic"
"Dll1",0.52536370984036,0.00412564341353096,0.00018087023798855,0.000636843814681237,NA,"sender-agnostic"
"Tnfsf12",0.51343705799151,0.00411448507964618,0.000169711904103778,-0.00860239186527147,NA,"sender-agnostic"
"Igfbp4",0.445514245302079,0.00410548880049238,0.000160715624949972,-0.00455786701153672,NA,"sender-agnostic"
"Nid1",0.493821984239232,0.00410537084671244,0.000160597671170034,-0.00287774995745042,NA,"sender-agnostic"
"Efemp2",0.4930288947262,0.00409349760785645,0.000148724432314039,-0.00139388397161249,NA,"sender-agnostic"
"Mif",0.539280662760144,0.00408974683646363,0.000144973660921227,-0.010981869108345,NA,"sender-agnostic"
"Fgfrl1",0.508420893109719,0.00408876241051095,0.000143989234968543,-0.00117931322521261,NA,"sender-agnostic"
"Thbs1",0.498620933521911,0.00408863948201041,0.000143866306468003,-0.000684864431684435,NA,"sender-agnostic"
"Vsig10",0.494630228328956,0.00408331333772794,0.000138540162185531,-0.000384642335802362,NA,"sender-agnostic"
"Adam15",0.500843604768644,0.00407607603563423,0.000131302860091824,-0.000779787051099344,NA,"sender-agnostic"
"Timp2",0.524080622347943,0.00407522395248841,0.000130450776946002,-0.000651632791341919,NA,"sender-agnostic"
"Ltbp1",0.508385532430788,0.00407453888438603,0.000129765708843621,-0.000260887579865667,NA,"sender-agnostic"
"S100a9",0.524590826429568,0.0040718496612067,0.000127076485664291,0.00108940896285809,NA,"sender-agnostic"
"Spon2",0.539002828854315,0.00406432060768243,0.000119547432140026,-0.00200370694997942,NA,"sender-agnostic"
"Crlf1",0.504667609618083,0.00404740438105111,0.000102631205508703,0.00072847473008278,NA,"sender-agnostic"
"Wnt2",0.519286724590806,0.00404710300271385,0.000102329827171441,-0.00509958966008757,NA,"sender-agnostic"
"Angpt1",0.511906445746601,0.00403822632932496,9.34531537825564e-05,-0.0114667380487859,NA,"sender-agnostic"
"Tgfbi",0.496701353808842,0.00403289242640136,8.81192508589536e-05,-0.00271833309969956,NA,"sender-agnostic"
"Ctf1",0.488598706809439,0.00401918792784983,7.44147523074282e-05,-0.00316828438950701,NA,"sender-agnostic"
"Pam",0.487391392200437,0.00400379157486999,5.90183993275798e-05,-0.00220125060111514,NA,"sender-agnostic"
"Sema6d",0.465442513639127,0.00398344485998974,3.86716844473353e-05,-0.00578105051077001,NA,"sender-agnostic"
"Alcam",0.504288745201049,0.00395914354742362,1.43703718812147e-05,-0.00362624209538105,NA,"sender-agnostic"
"Mfap5",0.491139624166479,0.00394738654601775,2.61337047534338e-06,-0.00375938481643888,NA,"sender-agnostic"
"Pdgfd",0.49284703980601,0.00390220411639729,-4.25690591451164e-05,-0.00910196195247468,NA,"sender-agnostic"
"Serpine1",0.462224691856937,0.00389258068591552,-5.2192489626882e-05,-0.00396011027806154,NA,"sender-agnostic"
"Ptprm",0.488341079005852,0.00388452780846813,-6.02453670742794e-05,-0.00269585865843935,NA,"sender-agnostic"
"Ngf",0.497489391796304,0.00386502284151122,-7.97503340311855e-05,-0.00521820694436425,NA,"sender-agnostic"
"Rspo1",0.495751667003413,0.00386365123781332,-8.11219377290884e-05,-0.00287340648000454,NA,"sender-agnostic"
"Znrf3",0.506986259850475,0.00385746648782488,-8.73066877175302e-05,-0.00182717661123418,NA,"sender-agnostic"
"Il15",0.486795312184283,0.00384219223107789,-0.00010258094446452,-0.00258828582426603,NA,"sender-agnostic"
"Nucb2",0.461083047080213,0.00381846351940239,-0.000126309656140018,-0.00571864817719158,NA,"sender-agnostic"
"Bace1",0.469024045261664,0.00380138050033813,-0.00014339267520428,-0.0044482165851188,NA,"sender-agnostic"
"Il1b",0.485274802990488,0.00379054504596739,-0.000154228129575017,-0.00374113127051514,NA,"sender-agnostic"
"Fbln1",0.471600323297631,0.00377014826169164,-0.000174624913850764,-0.00598100760309192,NA,"sender-agnostic"
"Mfap3l",0.48675995150535,0.00375661614367195,-0.000188157031870452,-0.00437115557385094,NA,"sender-agnostic"
"Ptprc",0.473019801980187,0.00371382889813057,-0.000230944277411841,-0.00593903472752943,NA,"sender-agnostic"
"Tnfsf9",0.488421903414824,0.00365831383992801,-0.000286459335614398,-0.00405595503529318,NA,"sender-agnostic"
"Dkk3",0.455657708628006,0.00365259161669468,-0.000292181558847731,-0.00856317575467134,NA,"sender-agnostic"
"Cntf",0.477384320064646,0.00363566793305007,-0.000309105242492341,-0.0115789384081699,NA,"sender-agnostic"
"Tslp",0.449994948474426,0.00360905098817423,-0.000335722187368177,-0.00354469602724088,NA,"sender-agnostic"
"Fap",0.471378056172957,0.00360854901336385,-0.000336224162178556,-0.00693146253091871,NA,"sender-agnostic"
"Siglec1",0.437901596282076,0.00337846775107294,-0.00056630542446947,-0.0113642464929157,NA,"sender-agnostic"
"Ebi3",0.42696504344311,0.00336114991193812,-0.000583623263604289,-0.0130849379732387,NA,"sender-agnostic"
"Ltbp3",0.432102444938366,0.0032670583505945,-0.000677714824947902,-0.0152782117331792,NA,"sender-agnostic"
"Mmrn2",0.394125075772885,0.00326584027970869,-0.000678932895833717,-0.018704686845117,NA,"sender-agnostic"
"Cklf",0.38238533036976,0.00304560415122127,-0.000899169024321138,-0.0216422087520981,NA,"sender-agnostic"
