"contrast","group","sender","receiver","ligand","receptor","lr_interaction","id","scaled_lfc_ligand","scaled_p_val_ligand_adapted","scaled_lfc_receptor","scaled_p_val_receptor_adapted","max_scaled_activity","scaled_pb_ligand","scaled_pb_receptor","fraction_expressing_ligand_receptor","prioritization_score","top_group","ligand_module","receptor_module"
"age30m-age3m","age30m","EndothelialCells","Leukocytes","Edn1","Ednrb","Edn1_Ednrb","Edn1_Ednrb_EndothelialCells_Leukocytes",0.924910071942446,0.994154676258993,0.932212296374146,0.974251182343668,0.998909436279736,1.001,0.982645072075449,1,0.982553103635802,"age30m",NA,NA
"age30m-age3m","age30m","Leukocytes","Fibroblasts","Tgfb1","Tgfbr1","Tgfb1_Tgfbr1","Tgfb1_Tgfbr1_Leukocytes_Fibroblasts",0.882868705035971,0.930305755395683,0.877561744613768,0.984760903836048,1.001,1.001,1.001,1,0.973458092406789,"age30m","brown",NA
"age30m-age3m","age30m","EndothelialCells","Fibroblasts","Bmp4","Bmpr1a","Bmp4_Bmpr1a","Bmp4_Bmpr1a_EndothelialCells_Fibroblasts",0.91591726618705,0.992805755395683,0.834471886495008,0.932475039411456,0.97922279011706,1.001,1.001,1,0.96984296064361,"age30m",NA,NA
"age30m-age3m","age30m","Leukocytes","Fibroblasts","Tgfb1","Sdc2","Tgfb1_Sdc2","Tgfb1_Sdc2_Leukocytes_Fibroblasts",0.882868705035971,0.930305755395683,0.837099316868103,0.960588544403573,1.001,1.001,1.001,1,0.968071860141944,"age30m","brown","brown"
"age30m-age3m","age30m","Leukocytes","EndothelialCells","Tgfb1","Eng","Tgfb1_Eng","Tgfb1_Eng_Leukocytes_EndothelialCells",0.882868705035971,0.930305755395683,0.795060430898581,0.948502364687336,1.001,1.001,1.001,1,0.963561438001464,"age30m","brown",NA
"age30m-age3m","age30m","Leukocytes","Fibroblasts","Tgfb1","Pdgfra","Tgfb1_Pdgfra","Tgfb1_Pdgfra_Leukocytes_Fibroblasts",0.882868705035971,0.930305755395683,0.827640567524961,0.909879138202838,1.001,1.001,1.001,1,0.963057847179954,"age30m","brown","brown"
"age30m-age3m","age30m","Fibroblasts","EndothelialCells","Tgfb2","Acvr1","Tgfb2_Acvr1","Tgfb2_Acvr1_Fibroblasts_EndothelialCells",0.768660071942446,0.926258992805755,0.884918549658434,0.957435627955859,1.001,1.001,1.001,1,0.961939436863541,"age30m",NA,NA
"age30m-age3m","age30m","Fibroblasts","Fibroblasts","Tgfb2","Tgfbr1","Tgfb2_Tgfbr1","Tgfb2_Tgfbr1_Fibroblasts_Fibroblasts",0.768660071942446,0.926258992805755,0.877561744613768,0.984760903836048,0.989717231393835,1.001,1.001,1,0.961723014665474,"age30m",NA,NA
"age30m-age3m","age30m","Leukocytes","EndothelialCells","Tgfb1","Acvrl1","Tgfb1_Acvrl1","Tgfb1_Acvrl1_Leukocytes_EndothelialCells",0.882868705035971,0.930305755395683,0.773778244876511,0.914871255911718,1.001,1.001,1.001,1,0.958985330101657,"age30m","brown",NA
"age30m-age3m","age30m","Leukocytes","Fibroblasts","Tgfb1","Itgav","Tgfb1_Itgav","Tgfb1_Itgav_Leukocytes_Fibroblasts",0.882868705035971,0.930305755395683,0.776142932212296,0.895165528113505,1.001,1.001,1.001,1,0.957540243396454,"age30m","brown",NA
"age30m-age3m","age30m","Fibroblasts","Leukocytes","Ccl19","Ccrl2","Ccl19_Ccrl2","Ccl19_Ccrl2_Fibroblasts_Leukocytes",0.924010791366906,0.906025179856115,0.896479243300053,0.920126116657909,0.918573153176609,1.001,1.001,1,0.957315636461183,"age30m","brown",NA
"age30m-age3m","age30m","Fibroblasts","EndothelialCells","Tgfb2","Eng","Tgfb2_Eng","Tgfb2_Eng_Fibroblasts_EndothelialCells",0.768660071942446,0.926258992805755,0.795060430898581,0.948502364687336,1.001,1.001,1.001,1,0.95370682169451,"age30m",NA,NA
"age30m-age3m","age30m","Fibroblasts","EndothelialCells","Penk","Ogfr","Penk_Ogfr","Penk_Ogfr_Fibroblasts_EndothelialCells",0.90580035971223,0.990557553956835,0.720966894377299,0.816079873883342,0.973407270721189,1.001,1.001,1,0.948684935281007,"age30m","tan",NA
"age30m-age3m","age30m","Leukocytes","Fibroblasts","Tgfb1","Tgfbr3","Tgfb1_Tgfbr3","Tgfb1_Tgfbr3_Leukocytes_Fibroblasts",0.882868705035971,0.930305755395683,0.727272727272727,0.835522858644246,1.001,1.001,1.001,1,0.948497503862386,"age30m","brown",NA
"age30m-age3m","age30m","Leukocytes","Leukocytes","Tnf","Ltbr","Tnf_Ltbr","Tnf_Ltbr_Leukocytes_Leukocytes",0.746627697841727,0.774280575539568,0.880714661061482,0.961114030478192,1.001,1.001,1.001,1,0.947394747076747,"age30m",NA,NA
"age30m-age3m","age30m","Leukocytes","Fibroblasts","Tgfb1","Tgfbr2","Tgfb1_Tgfbr2","Tgfb1_Tgfbr2_Leukocytes_Fibroblasts",0.882868705035971,0.930305755395683,0.730425643720441,0.854440357330531,1.001,1.001,0.9725641509851,1,0.945597396954402,"age30m","brown",NA
"age30m-age3m","age30m","EndothelialCells","EndothelialCells","Bmp4","Acvr1","Bmp4_Acvr1","Bmp4_Acvr1_EndothelialCells_EndothelialCells",0.91591726618705,0.992805755395683,0.884918549658434,0.957435627955859,0.795402089812943,1.001,1.001,1,0.945490114901909,"age30m",NA,NA
"age30m-age3m","age30m","EndothelialCells","Fibroblasts","Bmp4","Acvr1","Bmp4_Acvr1","Bmp4_Acvr1_EndothelialCells_Fibroblasts",0.91591726618705,0.992805755395683,0.812926957435628,0.901996847083552,0.97922279011706,1.001,0.876734851761657,1,0.944796842488279,"age30m",NA,NA
"age30m-age3m","age30m","EndothelialCells","Fibroblasts","Pdgfb","Pdgfrb","Pdgfb_Pdgfrb","Pdgfb_Pdgfrb_EndothelialCells_Fibroblasts",0.794289568345324,0.955485611510791,0.898581187598529,0.970572779821335,0.841235972898566,1.001,1.001,1,0.942116757756093,"age30m",NA,NA
"age30m-age3m","age30m","Leukocytes","Fibroblasts","Pf4","Sdc2","Pf4_Sdc2","Pf4_Sdc2_Leukocytes_Fibroblasts",0.799460431654676,0.797661870503597,0.837099316868103,0.960588544403573,0.94150715261314,1.001,1.001,1,0.940152039054686,"age30m",NA,"brown"
"age30m-age3m","age30m","Fibroblasts","Leukocytes","Tgfb2","Tgfbr2","Tgfb2_Tgfbr2","Tgfb2_Tgfbr2_Fibroblasts_Leukocytes",0.768660071942446,0.926258992805755,0.772201786652654,0.859432475039411,0.971126414919249,1.001,1.001,1,0.93940051302323,"age30m",NA,NA
"age30m-age3m","age30m","EndothelialCells","Fibroblasts","Tgfb1","Tgfbr1","Tgfb1_Tgfbr1","Tgfb1_Tgfbr1_EndothelialCells_Fibroblasts",0.775404676258993,0.856789568345324,0.877561744613768,0.984760903836048,1.001,0.886433515283746,1.001,1,0.939281993635135,"age30m","brown",NA
"age30m-age3m","age30m","Myocytes","EndothelialCells","Lgals3","Mcam","Lgals3_Mcam","Lgals3_Mcam_Myocytes_EndothelialCells",0.798111510791367,0.798561151079137,0.878612716763006,0.977141355754073,0.953545210544409,0.945725143495871,1.001,1,0.937747286872345,"age30m","tan",NA
"age30m-age3m","age30m","Fibroblasts","Fibroblasts","Tgfb2","Tgfbr3","Tgfb2_Tgfbr3","Tgfb2_Tgfbr3_Fibroblasts_Fibroblasts",0.768660071942446,0.926258992805755,0.727272727272727,0.835522858644246,0.989717231393835,1.001,1.001,1,0.93676242612107,"age30m",NA,NA
"age30m-age3m","age30m","Fibroblasts","Fibroblasts","Tgfb1","Tgfbr1","Tgfb1_Tgfbr1","Tgfb1_Tgfbr1_Fibroblasts_Fibroblasts",0.942895683453237,0.97931654676259,0.877561744613768,0.984760903836048,1.001,0.710412932608523,1.001,1,0.934113395323557,"age30m","brown",NA
"age30m-age3m","age30m","EndothelialCells","Fibroblasts","Tgfb1","Sdc2","Tgfb1_Sdc2","Tgfb1_Sdc2_EndothelialCells_Fibroblasts",0.775404676258993,0.856789568345324,0.837099316868103,0.960588544403573,1.001,0.886433515283746,1.001,1,0.93389576137029,"age30m","brown","brown"
"age30m-age3m","age30m","Fibroblasts","Fibroblasts","Tgfb2","Tgfbr2","Tgfb2_Tgfbr2","Tgfb2_Tgfbr2_Fibroblasts_Fibroblasts",0.768660071942446,0.926258992805755,0.730425643720441,0.854440357330531,0.989717231393835,1.001,0.9725641509851,1,0.933862319213087,"age30m",NA,NA
"age30m-age3m","age30m","EndothelialCells","Fibroblasts","Pdgfb","Lrp1","Pdgfb_Lrp1","Pdgfb_Lrp1_EndothelialCells_Fibroblasts",0.794289568345324,0.955485611510791,0.814503415659485,0.952706253284288,0.841235972898566,1.001,1.001,1,0.933621399549752,"age30m",NA,NA
"age30m-age3m","age30m","Leukocytes","Fibroblasts","Il1b","Il1r1","Il1b_Il1r1","Il1b_Il1r1_Leukocytes_Fibroblasts",0.700989208633094,0.739208633093525,0.820283762480294,0.934314240672622,1.001,1.001,1.001,1,0.933399653739961,"age30m",NA,NA
"age30m-age3m","age30m","Leukocytes","EndothelialCells","Bmp2","Acvr1","Bmp2_Acvr1","Bmp2_Acvr1_Leukocytes_EndothelialCells",0.662994604316547,0.676708633093525,0.884918549658434,0.957435627955859,1.001,1.001,1.001,1,0.932338117918697,"age30m",NA,NA
"age30m-age3m","age30m","Leukocytes","Leukocytes","Tnf","Tnfrsf21","Tnf_Tnfrsf21","Tnf_Tnfrsf21_Leukocytes_Leukocytes",0.746627697841727,0.774280575539568,0.788754598003153,0.864687335785602,1.001,1.001,1.001,1,0.931695850597504,"age30m",NA,NA
"age30m-age3m","age30m","EndothelialCells","Leukocytes","Vegfc","Nrp2","Vegfc_Nrp2","Vegfc_Nrp2_EndothelialCells_Leukocytes",0.793615107913669,0.831834532374101,0.911718339464004,0.954808197582764,1.001,1.001,0.841833376579154,1,0.931636910874404,"age30m",NA,NA
"age30m-age3m","age30m","EndothelialCells","Fibroblasts","Pdgfb","Pdgfra","Pdgfb_Pdgfra","Pdgfb_Pdgfra_EndothelialCells_Fibroblasts",0.794289568345324,0.955485611510791,0.827640567524961,0.909879138202838,0.841235972898566,1.001,1.001,1,0.93114723594842,"age30m",NA,"brown"
"age30m-age3m","age30m","Fibroblasts","Fibroblasts","Lama4","Itgav","Lama4_Itgav","Lama4_Itgav_Fibroblasts_Fibroblasts",0.734487410071942,0.884892086330935,0.776142932212296,0.895165528113505,0.937285787840634,1.001,1.001,1,0.930771627700829,"age30m",NA,NA
"age30m-age3m","age30m","EndothelialCells","EndothelialCells","Tgfb1","Eng","Tgfb1_Eng","Tgfb1_Eng_EndothelialCells_EndothelialCells",0.775404676258993,0.856789568345324,0.795060430898581,0.948502364687336,1.001,0.886433515283746,1.001,1,0.92938533922981,"age30m","brown",NA
"age30m-age3m","age30m","EndothelialCells","Leukocytes","Cxcl12","Cxcr4","Cxcl12_Cxcr4","Cxcl12_Cxcr4_EndothelialCells_Leukocytes",0.818345323741007,0.964478417266187,0.864424592748292,0.904887020493957,0.79581157732971,1.001,1.001,1,0.928979875742405,"age30m",NA,NA
"age30m-age3m","age30m","EndothelialCells","Fibroblasts","Tgfb1","Pdgfra","Tgfb1_Pdgfra","Tgfb1_Pdgfra_EndothelialCells_Fibroblasts",0.775404676258993,0.856789568345324,0.827640567524961,0.909879138202838,1.001,0.886433515283746,1.001,1,0.928881748408301,"age30m","brown","brown"
"age30m-age3m","age30m","Leukocytes","Leukocytes","Tgfb1","Tgfbr2","Tgfb1_Tgfbr2","Tgfb1_Tgfbr2_Leukocytes_Leukocytes",0.882868705035971,0.930305755395683,0.772201786652654,0.859432475039411,0.848288700468806,1.001,1.001,1,0.928782176921778,"age30m","brown",NA
"age30m-age3m","age30m","Fibroblasts","Fibroblasts","Tgfb2","Acvr1","Tgfb2_Acvr1","Tgfb2_Acvr1_Fibroblasts_Fibroblasts",0.768660071942446,0.926258992805755,0.812926957435628,0.901996847083552,0.989717231393835,1.001,0.876734851761657,1,0.92872891963153,"age30m",NA,NA
"age30m-age3m","age30m","Fibroblasts","Fibroblasts","Tgfb1","Sdc2","Tgfb1_Sdc2","Tgfb1_Sdc2_Fibroblasts_Fibroblasts",0.942895683453237,0.97931654676259,0.837099316868103,0.960588544403573,1.001,0.710412932608523,1.001,1,0.928727163058712,"age30m","brown","brown"
"age30m-age3m","age30m","Fibroblasts","Fibroblasts","Postn","Itgav","Postn_Itgav","Postn_Itgav_Fibroblasts_Fibroblasts",0.920413669064748,0.997751798561151,0.776142932212296,0.895165528113505,0.774480353588916,1.001,1.001,1,0.928536219594128,"age30m",NA,NA
"age30m-age3m","age30m","Fibroblasts","EndothelialCells","Pgf","Kdr","Pgf_Kdr","Pgf_Kdr_Fibroblasts_EndothelialCells",0.912320143884892,0.975269784172662,0.775091960063058,0.889910667367315,0.792550916116575,1.001,1.001,1,0.92847453231009,"age30m",NA,NA
"age30m-age3m","age30m","Myocytes","EndothelialCells","Lgals3","Eng","Lgals3_Eng","Lgals3_Eng_Myocytes_EndothelialCells",0.798111510791367,0.798561151079137,0.795060430898581,0.948502364687336,0.953545210544409,0.945725143495871,1.001,1,0.928398013794748,"age30m","tan",NA
"age30m-age3m","age30m","Fibroblasts","Fibroblasts","Nlgn2","Nrxn2","Nlgn2_Nrxn2","Nlgn2_Nrxn2_Fibroblasts_Fibroblasts",0.86488309352518,0.978192446043165,0.925643720441408,0.980557015239096,0.682620864854256,1.001,1.001,1,0.92654316707978,"age30m",NA,NA
"age30m-age3m","age30m","Leukocytes","Fibroblasts","Fn1","Itga5","Fn1_Itga5","Fn1_Itga5_Leukocytes_Fibroblasts",0.926258992805755,0.910071942446043,0.856542301629007,0.943772990015765,0.738361032998019,1.001,1.001,1,0.926447357741051,"age30m",NA,NA
"age30m-age3m","age30m","Leukocytes","Fibroblasts","Fn1","Sdc2","Fn1_Sdc2","Fn1_Sdc2_Leukocytes_Fibroblasts",0.926258992805755,0.910071942446043,0.837099316868103,0.960588544403573,0.738361032998019,1.001,1.001,1,0.926228405209959,"age30m",NA,"brown"
"age30m-age3m","age30m","Fibroblasts","Leukocytes","Prg4","Tlr2","Prg4_Tlr2","Prg4_Tlr2_Fibroblasts_Leukocytes",0.961330935251799,0.993255395683453,0.821071991592223,0.899106673673148,0.717390799401773,1.001,1.001,1,0.926128882917014,"age30m",NA,NA
"age30m-age3m","age30m","Leukocytes","Fibroblasts","Bmp2","Bmpr1a","Bmp2_Bmpr1a","Bmp2_Bmpr1a_Leukocytes_Fibroblasts",0.662994604316547,0.676708633093525,0.834471886495008,0.932475039411456,1.001,1.001,1.001,1,0.926054180276378,"age30m",NA,NA
"age30m-age3m","age30m","Fibroblasts","Fibroblasts","Postn","Itgb5","Postn_Itgb5","Postn_Itgb5_Fibroblasts_Fibroblasts",0.920413669064748,0.997751798561151,0.730425643720441,0.899632159747767,0.774480353588916,1.001,1.001,1,0.925098664855995,"age30m",NA,NA
"age30m-age3m","age30m","EndothelialCells","EndothelialCells","Tgfb1","Acvrl1","Tgfb1_Acvrl1","Tgfb1_Acvrl1_EndothelialCells_EndothelialCells",0.775404676258993,0.856789568345324,0.773778244876511,0.914871255911718,1.001,0.886433515283746,1.001,1,0.924809231330003,"age30m","brown",NA
"age30m-age3m","age30m","Fibroblasts","Leukocytes","Cfh","Cfb","Cfh_Cfb","Cfh_Cfb_Fibroblasts_Leukocytes",0.800809352517986,0.907823741007194,0.987125591171834,0.998949027850762,0.69928674724229,1.001,1.001,1,0.924773433919363,"age30m","brown",NA
"age30m-age3m","age30m","Fibroblasts","EndothelialCells","Tgfb1","Eng","Tgfb1_Eng","Tgfb1_Eng_Fibroblasts_EndothelialCells",0.942895683453237,0.97931654676259,0.795060430898581,0.948502364687336,1.001,0.710412932608523,1.001,1,0.924216740918232,"age30m","brown",NA
"age30m-age3m","age30m","Fibroblasts","Fibroblasts","Cfh","Cfb","Cfh_Cfb","Cfh_Cfb_Fibroblasts_Fibroblasts",0.800809352517986,0.907823741007194,0.972674724119811,0.991066736731477,0.772286920341613,1.001,0.935204931842094,1,0.924113188228657,"age30m","brown",NA
"age30m-age3m","age30m","Leukocytes","EndothelialCells","Bmp2","Eng","Bmp2_Eng","Bmp2_Eng_Leukocytes_EndothelialCells",0.662994604316547,0.676708633093525,0.795060430898581,0.948502364687336,1.001,1.001,1.001,1,0.924105502749666,"age30m",NA,NA
"age30m-age3m","age30m","Fibroblasts","Fibroblasts","Tgfb1","Pdgfra","Tgfb1_Pdgfra","Tgfb1_Pdgfra_Fibroblasts_Fibroblasts",0.942895683453237,0.97931654676259,0.827640567524961,0.909879138202838,1.001,0.710412932608523,1.001,1,0.923713150096723,"age30m","brown","brown"
"age30m-age3m","age30m","EndothelialCells","EndothelialCells","Jam3","Jam3","Jam3_Jam3","Jam3_Jam3_EndothelialCells_EndothelialCells",0.772032374100719,0.902877697841727,0.828691539674199,0.930373095112979,0.821530531789931,1.001,1.001,1,0.923419647525791,"age30m",NA,NA
"age30m-age3m","age30m","EndothelialCells","Fibroblasts","Tgfb1","Itgav","Tgfb1_Itgav","Tgfb1_Itgav_EndothelialCells_Fibroblasts",0.775404676258993,0.856789568345324,0.776142932212296,0.895165528113505,1.001,0.886433515283746,1.001,1,0.923364144624801,"age30m","brown",NA
"age30m-age3m","age30m","Fibroblasts","Fibroblasts","C3","Lrp1","C3_Lrp1","C3_Lrp1_Fibroblasts_Fibroblasts",0.886690647482014,0.998201438848921,0.814503415659485,0.952706253284288,0.709180180431619,1.001,1.001,1,0.922871843011495,"age30m",NA,NA
"age30m-age3m","age30m","Fibroblasts","EndothelialCells","Tgfb1","Acvrl1","Tgfb1_Acvrl1","Tgfb1_Acvrl1_Fibroblasts_EndothelialCells",0.942895683453237,0.97931654676259,0.773778244876511,0.914871255911718,1.001,0.710412932608523,1.001,1,0.919640633018425,"age30m","brown",NA
"age30m-age3m","age30m","Fibroblasts","EndothelialCells","Pgf","Nrp1","Pgf_Nrp1","Pgf_Nrp1_Fibroblasts_EndothelialCells",0.912320143884892,0.975269784172662,0.694167104571729,0.850761954808198,0.792550916116575,1.001,1.001,1,0.918468401639219,"age30m",NA,"brown"
"age30m-age3m","age30m","Fibroblasts","Fibroblasts","Tgfb1","Itgav","Tgfb1_Itgav","Tgfb1_Itgav_Fibroblasts_Fibroblasts",0.942895683453237,0.97931654676259,0.776142932212296,0.895165528113505,1.001,0.710412932608523,1.001,1,0.918195546313223,"age30m","brown",NA
"age30m-age3m","age30m","Leukocytes","Leukocytes","Tnf","Tnfrsf1a","Tnf_Tnfrsf1a","Tnf_Tnfrsf1a_Leukocytes_Leukocytes",0.746627697841727,0.774280575539568,0.760903836048345,0.840514976353127,1.001,1.001,0.944564939009754,1,0.917954746983523,"age30m",NA,NA
"age30m-age3m","age30m","Fibroblasts","Fibroblasts","Adam9","Itgav","Adam9_Itgav","Adam9_Itgav_Fibroblasts_Fibroblasts",0.830485611510791,0.93705035971223,0.776142932212296,0.895165528113505,0.780098443770891,1.001,1.001,1,0.916920109924217,"age30m",NA,NA
"age30m-age3m","age30m","Leukocytes","Fibroblasts","Fn1","Itgav","Fn1_Itgav","Fn1_Itgav_Leukocytes_Fibroblasts",0.926258992805755,0.910071942446043,0.776142932212296,0.895165528113505,0.738361032998019,1.001,1.001,1,0.91569678846447,"age30m",NA,NA
"age30m-age3m","age30m","Leukocytes","Fibroblasts","Il1rn","Il1r1","Il1rn_Il1r1","Il1rn_Il1r1_Leukocytes_Fibroblasts",0.611061151079137,0.602068345323741,0.820283762480294,0.934314240672622,1.001,1.001,1.001,1,0.914477291629649,"age30m",NA,NA
"age30m-age3m","age30m","EndothelialCells","Fibroblasts","Tgfb1","Tgfbr3","Tgfb1_Tgfbr3","Tgfb1_Tgfbr3_EndothelialCells_Fibroblasts",0.775404676258993,0.856789568345324,0.727272727272727,0.835522858644246,1.001,0.886433515283746,1.001,1,0.914321405090732,"age30m","brown",NA
"age30m-age3m","age30m","Leukocytes","Fibroblasts","Tnf","Tnfrsf1a","Tnf_Tnfrsf1a","Tnf_Tnfrsf1a_Leukocytes_Fibroblasts",0.746627697841727,0.774280575539568,0.726484498160799,0.859432475039411,1.001,1.001,0.930275062430062,1,0.914281280953469,"age30m",NA,NA
"age30m-age3m","age30m","Fibroblasts","Leukocytes","C3","Vsig4","C3_Vsig4","C3_Vsig4_Fibroblasts_Leukocytes",0.886690647482014,0.998201438848921,0.875459800315292,0.867577509196006,0.669065205234356,1.001,1.001,1,0.914171650525912,"age30m",NA,NA
"age30m-age3m","age30m","Fibroblasts","EndothelialCells","Pgf","Flt1","Pgf_Flt1","Pgf_Flt1_Fibroblasts_EndothelialCells",0.912320143884892,0.975269784172662,0.678928008407777,0.813452443510247,0.792550916116575,1.001,1.001,1,0.914089351017394,"age30m",NA,NA
"age30m-age3m","age30m","Fibroblasts","Fibroblasts","Adam9","Itgb5","Adam9_Itgb5","Adam9_Itgb5_Fibroblasts_Fibroblasts",0.830485611510791,0.93705035971223,0.730425643720441,0.899632159747767,0.780098443770891,1.001,1.001,1,0.913482555186084,"age30m",NA,NA
"age30m-age3m","age30m","Leukocytes","EndothelialCells","Il10","Il10rb","Il10_Il10rb","Il10_Il10rb_Leukocytes_EndothelialCells",0.789568345323741,0.738758992805755,0.715449290593799,0.839726747241198,0.936653028300793,1.001,1.001,1,0.913400786047173,"age30m",NA,NA
"age30m-age3m","age30m","Fibroblasts","Leukocytes","Cxcl14","Cxcr4","Cxcl14_Cxcr4","Cxcl14_Cxcr4_Fibroblasts_Leukocytes",0.909622302158273,0.984487410071942,0.864424592748292,0.904887020493957,0.646388310604454,1.001,1.001,1,0.913349828890114,"age30m",NA,NA
"age30m-age3m","age30m","Fibroblasts","Fibroblasts","Comp","Itga5","Comp_Itga5","Comp_Itga5_Fibroblasts_Fibroblasts",0.94896582733813,0.996852517985611,0.856542301629007,0.943772990015765,0.599753916659759,1.001,1.001,1,0.912470122524002,"age30m",NA,NA
"age30m-age3m","age30m","EndothelialCells","EndothelialCells","Jam3","Jam2","Jam3_Jam2","Jam3_Jam2_EndothelialCells_EndothelialCells",0.772032374100719,0.902877697841727,0.770625328428797,0.856016815554388,0.821530531789931,1.001,1.001,1,0.912384439958791,"age30m",NA,"brown"
"age30m-age3m","age30m","Fibroblasts","Fibroblasts","Tgfb3","Tgfbr1","Tgfb3_Tgfbr1","Tgfb3_Tgfbr1_Fibroblasts_Fibroblasts",0.64523381294964,0.705935251798561,0.877561744613768,0.984760903836048,0.86154624768789,1.001,1.001,1,0.911715350714483,"age30m",NA,NA
"age30m-age3m","age30m","EndothelialCells","Fibroblasts","Tgfb1","Tgfbr2","Tgfb1_Tgfbr2","Tgfb1_Tgfbr2_EndothelialCells_Fibroblasts",0.775404676258993,0.856789568345324,0.730425643720441,0.854440357330531,1.001,0.886433515283746,0.9725641509851,1,0.911421298182749,"age30m","brown",NA
"age30m-age3m","age30m","EndothelialCells","Leukocytes","Rtn4","S1pr2","Rtn4_S1pr2","Rtn4_S1pr2_EndothelialCells_Leukocytes",0.807553956834532,0.964028776978417,0.866001050972149,0.87073042564372,0.764727394761284,0.963384695256777,0.980053493784535,1,0.910387114836168,"age30m",NA,NA
"age30m-age3m","age30m","Leukocytes","Fibroblasts","Tnf","Ltbr","Tnf_Ltbr","Tnf_Ltbr_Leukocytes_Fibroblasts",0.746627697841727,0.774280575539568,0.708355228586443,0.811350499211771,1.001,1.001,0.939622534296061,1,0.910321589147636,"age30m",NA,NA
"age30m-age3m","age30m","Fibroblasts","Leukocytes","Hp","Cd163","Hp_Cd163","Hp_Cd163_Fibroblasts_Leukocytes",0.965602517985611,0.950089928057554,0.784025223331582,0.754072517078297,0.759541171344343,0.971548839986116,1.001,1,0.909830850759497,"age30m",NA,NA
"age30m-age3m","age30m","Fibroblasts","Fibroblasts","Hp","Tlr4","Hp_Tlr4","Hp_Tlr4_Fibroblasts_Fibroblasts",0.965602517985611,0.950089928057554,0.835785601681555,0.918024172359432,0.756212808068169,0.971548839986116,0.89246387302418,1,0.909162771853424,"age30m",NA,NA
"age30m-age3m","age30m","Fibroblasts","Fibroblasts","Lama4","Itga9","Lama4_Itga9","Lama4_Itga9_Fibroblasts_Fibroblasts",0.734487410071942,0.884892086330935,0.767472411981083,0.794534944823962,0.937285787840634,1.001,0.925993244348754,1,0.909162076465558,"age30m",NA,NA
"age30m-age3m","age30m","Fibroblasts","Fibroblasts","Tgfb1","Tgfbr3","Tgfb1_Tgfbr3","Tgfb1_Tgfbr3_Fibroblasts_Fibroblasts",0.942895683453237,0.97931654676259,0.727272727272727,0.835522858644246,1.001,0.710412932608523,1.001,1,0.909152806779154,"age30m","brown",NA
"age30m-age3m","age30m","Leukocytes","Leukocytes","Hp","Cd163","Hp_Cd163","Hp_Cd163_Leukocytes_Leukocytes",0.95863309352518,0.888489208633094,0.784025223331582,0.754072517078297,0.759541171344343,1.001,1.001,1,0.909025198771403,"age30m",NA,NA
"age30m-age3m","age30m","Fibroblasts","Fibroblasts","Fbn1","Itga5","Fbn1_Itga5","Fbn1_Itga5_Fibroblasts_Fibroblasts",0.772482014388489,0.921762589928058,0.856542301629007,0.943772990015765,0.702238026133969,1.001,1.001,1,0.908586329019105,"age30m",NA,NA
"age30m-age3m","age30m","Leukocytes","Fibroblasts","Hp","Tlr4","Hp_Tlr4","Hp_Tlr4_Leukocytes_Fibroblasts",0.95863309352518,0.888489208633094,0.835785601681555,0.918024172359432,0.756212808068169,1.001,0.89246387302418,1,0.90835711986533,"age30m",NA,NA
"age30m-age3m","age30m","Leukocytes","EndothelialCells","Il1b","Il1r1","Il1b_Il1r1","Il1b_Il1r1_Leukocytes_EndothelialCells",0.700989208633094,0.739208633093525,0.75827640567525,0.857856016815554,1.001,1.001,0.91904574898102,1,0.908201813514955,"age30m",NA,NA
"age30m-age3m","age30m","Fibroblasts","Fibroblasts","Kirrel","Kirrel","Kirrel_Kirrel","Kirrel_Kirrel_Fibroblasts_Fibroblasts",0.860611510791367,0.903327338129496,0.906463478717814,0.931161324224908,0.643404460408403,1.001,1.001,1,0.907697714390032,"age30m",NA,NA
"age30m-age3m","age30m","EndothelialCells","Leukocytes","Pdgfb","Lrp1","Pdgfb_Lrp1","Pdgfb_Lrp1_EndothelialCells_Leukocytes",0.794289568345324,0.955485611510791,0.799527062532843,0.889910667367315,0.910630475032609,1.001,0.814615066787813,1,0.90764199944976,"age30m",NA,NA
"age30m-age3m","age30m","Leukocytes","Fibroblasts","Adam17","Itga5","Adam17_Itga5","Adam17_Itga5_Leukocytes_Fibroblasts",0.713803956834532,0.848246402877698,0.856542301629007,0.943772990015765,0.761700416860269,1.001,1.001,1,0.907480540423128,"age30m",NA,NA
"age30m-age3m","age30m","EndothelialCells","EndothelialCells","Edn1","Ece1","Edn1_Ece1","Edn1_Ece1_EndothelialCells_EndothelialCells",0.924910071942446,0.994154676258993,0.645822385706779,0.707829742511823,0.805410251825681,1.001,1.001,1,0.907294781672617,"age30m",NA,NA
"age30m-age3m","age30m","Fibroblasts","Fibroblasts","Serping1","Lrp1","Serping1_Lrp1","Serping1_Lrp1_Fibroblasts_Fibroblasts",0.763489208633094,0.982913669064748,0.814503415659485,0.952706253284288,0.682910637812372,1.001,1.001,1,0.906952818522196,"age30m","brown",NA
"age30m-age3m","age30m","EndothelialCells","EndothelialCells","Icam1","Cdh5","Icam1_Cdh5","Icam1_Cdh5_EndothelialCells_EndothelialCells",0.731564748201439,0.852068345323741,0.734629532317394,0.888071466106148,0.835955616648855,1.001,1.001,1,0.906853777103869,"age30m",NA,NA
"age30m-age3m","age30m","EndothelialCells","EndothelialCells","Lpl","Gpihbp1","Lpl_Gpihbp1","Lpl_Gpihbp1_EndothelialCells_EndothelialCells",0.821717625899281,0.974370503597122,0.831844456121913,0.966894377299002,0.639525267697522,1.001,1.001,1,0.90648979152603,"age30m","brown","brown"
"age30m-age3m","age30m","Fibroblasts","Fibroblasts","Tgfb1","Tgfbr2","Tgfb1_Tgfbr2","Tgfb1_Tgfbr2_Fibroblasts_Fibroblasts",0.942895683453237,0.97931654676259,0.730425643720441,0.854440357330531,1.001,0.710412932608523,0.9725641509851,1,0.90625269987117,"age30m","brown",NA
"age30m-age3m","age30m","Fibroblasts","Leukocytes","Angpt1","Itga5","Angpt1_Itga5","Angpt1_Itga5_Fibroblasts_Leukocytes",0.803057553956835,0.902428057553957,0.737519705727798,0.787178139779296,1.001,1.001,0.820229872488327,1,0.906220266832878,"age30m",NA,NA
"age30m-age3m","age30m","Fibroblasts","Fibroblasts","Timp1","Mmp2","Timp1_Mmp2","Timp1_Mmp2_Fibroblasts_Fibroblasts",0.83273381294964,0.968525179856115,0.750394114555964,0.95165528113505,0.677544238305101,1.001,1.001,1,0.905199738758914,"age30m",NA,NA
"age30m-age3m","age30m","Myocytes","EndothelialCells","Nppa","Npr1","Nppa_Npr1","Nppa_Npr1_Myocytes_EndothelialCells",0.888714028776978,0.818794964028777,0.80084077771939,0.8922753547031,0.726601703553215,1.001,1.001,1,0.904819044361223,"age30m","brown","brown"
"age30m-age3m","age30m","Leukocytes","Leukocytes","Rtn4","S1pr2","Rtn4_S1pr2","Rtn4_S1pr2_Leukocytes_Leukocytes",0.736735611510791,0.883992805755396,0.866001050972149,0.87073042564372,0.764727394761284,1.001,0.980053493784535,1,0.904085139247808,"age30m",NA,NA
"age30m-age3m","age30m","Leukocytes","Leukocytes","Fn1","Plaur","Fn1_Plaur","Fn1_Plaur_Leukocytes_Leukocytes",0.926258992805755,0.910071942446043,0.786652653704677,0.792433000525486,0.714358862109487,1.001,1.001,1,0.904011192808411,"age30m",NA,NA
"age30m-age3m","age30m","Fibroblasts","EndothelialCells","Jam3","Jam3","Jam3_Jam3","Jam3_Jam3_Fibroblasts_EndothelialCells",0.748426258992806,0.856115107913669,0.828691539674199,0.930373095112979,0.821530531789931,0.915783122985262,1.001,1,0.903352775937003,"age30m",NA,NA
"age30m-age3m","age30m","Fibroblasts","Fibroblasts","Wnt9a","Fzd1","Wnt9a_Fzd1","Wnt9a_Fzd1_Fibroblasts_Fibroblasts",0.860611510791367,0.959757194244604,0.838150289017341,0.936941671045717,0.615072443195542,1.001,1.001,1,0.902467129290843,"age30m",NA,NA
"age30m-age3m","age30m","Fibroblasts","Leukocytes","Pgf","Nrp2","Pgf_Nrp2","Pgf_Nrp2_Fibroblasts_Leukocytes",0.912320143884892,0.975269784172662,0.911718339464004,0.954808197582764,0.694578502565627,1.001,0.841833376579154,1,0.902411685282824,"age30m",NA,NA
"age30m-age3m","age30m","Leukocytes","EndothelialCells","Apoe","Lrp5","Apoe_Lrp5","Apoe_Lrp5_Leukocytes_EndothelialCells",0.759892086330935,0.870503597122302,0.824750394114556,0.861008933263269,0.754264409657413,1.001,1.001,1,0.902390319178824,"age30m",NA,NA
"age30m-age3m","age30m","Myocytes","EndothelialCells","Nppb","Npr1","Nppb_Npr1","Nppb_Npr1_Myocytes_EndothelialCells",0.899730215827338,0.910746402877698,0.80084077771939,0.8922753547031,0.659705421397613,1.001,1.001,1,0.902250299493563,"age30m",NA,"brown"
"age30m-age3m","age30m","Fibroblasts","EndothelialCells","Comp","Cd36","Comp_Cd36","Comp_Cd36_Fibroblasts_EndothelialCells",0.94896582733813,0.996852517985611,0.854440357330531,0.953231739358907,0.534179401281879,1.001,1.001,1,0.902154103714745,"age30m",NA,"brown"
"age30m-age3m","age30m","Leukocytes","EndothelialCells","Tnf","Tnfrsf1a","Tnf_Tnfrsf1a","Tnf_Tnfrsf1a_Leukocytes_EndothelialCells",0.746627697841727,0.774280575539568,0.631634261692065,0.665265370467683,1.001,1.001,1.001,1,0.90198399212842,"age30m",NA,NA
"age30m-age3m","age30m","Fibroblasts","Leukocytes","Bgn","Tlr2","Bgn_Tlr2","Bgn_Tlr2_Fibroblasts_Leukocytes",0.782823741007194,0.982464028776978,0.821071991592223,0.899106673673148,0.666055747208937,1.001,1.001,1,0.901798160788951,"age30m","brown",NA
"age30m-age3m","age30m","Fibroblasts","Fibroblasts","Comp","Itgav","Comp_Itgav","Comp_Itgav_Fibroblasts_Fibroblasts",0.94896582733813,0.996852517985611,0.776142932212296,0.895165528113505,0.599753916659759,1.001,1.001,1,0.901719553247422,"age30m",NA,NA
"age30m-age3m","age30m","EndothelialCells","EndothelialCells","Nrp1","Kdr","Nrp1_Kdr","Nrp1_Kdr_EndothelialCells_EndothelialCells",0.642086330935252,0.817221223021583,0.775091960063058,0.889910667367315,0.84509209777868,1.001,1.001,1,0.901541198078714,"age30m","brown",NA
"age30m-age3m","age30m","Fibroblasts","EndothelialCells","Angpt1","Tek","Angpt1_Tek","Angpt1_Tek_Fibroblasts_EndothelialCells",0.803057553956835,0.902428057553957,0.679453494482396,0.732002101944298,0.848366206695775,1.001,1.001,1,0.90147280177742,"age30m",NA,NA
"age30m-age3m","age30m","Fibroblasts","Leukocytes","Rtn4","S1pr2","Rtn4_S1pr2","Rtn4_S1pr2_Fibroblasts_Leukocytes",0.762814748201439,0.893884892086331,0.866001050972149,0.87073042564372,0.764727394761284,0.967019838383882,0.980053493784535,1,0.90141938089692,"age30m",NA,NA
"age30m-age3m","age30m","Fibroblasts","Fibroblasts","Serping1","C1ra","Serping1_C1ra","Serping1_C1ra_Fibroblasts_Fibroblasts",0.763489208633094,0.982913669064748,0.769574356279559,0.929584866001051,0.682910637812372,1.001,1.001,1,0.901281947966933,"age30m","brown",NA
"age30m-age3m","age30m","Fibroblasts","Fibroblasts","Bmp1","Bmpr1a","Bmp1_Bmpr1a","Bmp1_Bmpr1a_Fibroblasts_Fibroblasts",0.711780575539568,0.824415467625899,0.834471886495008,0.932475039411456,0.753782081204528,1.001,1.001,1,0.901225594290082,"age30m",NA,NA
"age30m-age3m","age30m","Fibroblasts","EndothelialCells","Mpdz","Cldn5","Mpdz_Cldn5","Mpdz_Cldn5_Fibroblasts_EndothelialCells",0.77023381294964,0.831384892086331,0.673147661586968,0.751445086705202,0.891856067283149,1.001,1.001,1,0.901160298991203,"age30m",NA,NA
"age30m-age3m","age30m","EndothelialCells","EndothelialCells","Jam2","Jam3","Jam2_Jam3","Jam2_Jam3_EndothelialCells_EndothelialCells",0.712904676258993,0.823291366906475,0.828691539674199,0.930373095112979,0.756960217755796,1.001,1.001,1,0.90109842612202,"age30m","brown",NA
"age30m-age3m","age30m","Leukocytes","Fibroblasts","Bmp2","Acvr1","Bmp2_Acvr1","Bmp2_Acvr1_Leukocytes_Fibroblasts",0.662994604316547,0.676708633093525,0.812926957435628,0.901996847083552,1.001,1.001,0.876734851761657,1,0.901008062121047,"age30m",NA,NA
"age30m-age3m","age30m","EndothelialCells","EndothelialCells","Efnb1","Ephb4","Efnb1_Ephb4","Efnb1_Ephb4_EndothelialCells_EndothelialCells",0.764838129496403,0.915692446043165,0.853914871255912,0.941671045717289,0.665720692344036,1.001,1.001,1,0.900963156433403,"age30m",NA,"brown"
"age30m-age3m","age30m","Leukocytes","EndothelialCells","Tgfb1","Tgfbr1","Tgfb1_Tgfbr1","Tgfb1_Tgfbr1_Leukocytes_EndothelialCells",0.882868705035971,0.930305755395683,0.813977929584866,0.862848134524435,1.001,1.001,0.654812797165702,1,0.900302176572697,"age30m","brown",NA
"age30m-age3m","age30m","Fibroblasts","Leukocytes","Vcan","Tlr2","Vcan_Tlr2","Vcan_Tlr2_Fibroblasts_Leukocytes",0.796312949640288,0.920413669064748,0.821071991592223,0.899106673673148,0.680579963673999,1.001,1.001,1,0.9001721009432,"age30m",NA,NA
"age30m-age3m","age30m","EndothelialCells","EndothelialCells","Tgfb2","Acvr1","Tgfb2_Acvr1","Tgfb2_Acvr1_EndothelialCells_EndothelialCells",0.848696043165468,0.898830935251799,0.884918549658434,0.957435627955859,1.001,0.602079415202045,1.001,1,0.899836665536304,"age30m",NA,NA
"age30m-age3m","age30m","EndothelialCells","EndothelialCells","Efnb1","Epha4","Efnb1_Epha4","Efnb1_Epha4_EndothelialCells_EndothelialCells",0.764838129496403,0.915692446043165,0.852863899106674,0.928533893851813,0.665720692344036,1.001,1.001,1,0.89978081276551,"age30m",NA,NA
"age30m-age3m","age30m","EndothelialCells","Leukocytes","Bmp4","Acvr1","Bmp4_Acvr1","Bmp4_Acvr1_EndothelialCells_Leukocytes",0.91591726618705,0.992805755395683,0.74198633736206,0.748292170257488,1.001,1.001,0.696875038138337,1,0.89972930045658,"age30m",NA,NA
"age30m-age3m","age30m","EndothelialCells","Fibroblasts","Tgfb2","Tgfbr1","Tgfb2_Tgfbr1","Tgfb2_Tgfbr1_EndothelialCells_Fibroblasts",0.848696043165468,0.898830935251799,0.877561744613768,0.984760903836048,0.989717231393835,0.602079415202045,1.001,1,0.899620243338237,"age30m",NA,NA
"age30m-age3m","age30m","Fibroblasts","Leukocytes","Tgfb2","Tgfbr1","Tgfb2_Tgfbr1","Tgfb2_Tgfbr1_Fibroblasts_Leukocytes",0.768660071942446,0.926258992805755,0.662112454019968,0.662375197057278,0.971126414919249,1.001,0.915871449465719,1,0.899616870382949,"age30m",NA,NA
"age30m-age3m","age30m","EndothelialCells","Leukocytes","Vegfc","Kdr","Vegfc_Kdr","Vegfc_Kdr_EndothelialCells_Leukocytes",0.793615107913669,0.831834532374101,0.956384655806621,0.952180767209669,1.001,1.001,0.62728185736436,1,0.899381564836065,"age30m",NA,"darkorange"
"age30m-age3m","age30m","Fibroblasts","Leukocytes","Angptl2","Gm14548","Angptl2_Gm14548","Angptl2_Gm14548_Fibroblasts_Leukocytes",0.804406474820144,0.955935251798561,0.898581187598529,0.873883342091435,0.626534013826993,1.001,1.001,1,0.899156190330221,"age30m",NA,NA
"age30m-age3m","age30m","Leukocytes","Leukocytes","Ccl9","Fpr2","Ccl9_Fpr2","Ccl9_Fpr2_Leukocytes_Leukocytes",0.69761690647482,0.746178057553957,0.753021544929059,0.756699947451393,0.915989239126873,1.001,1.001,1,0.899124577888581,"age30m",NA,NA
"age30m-age3m","age30m","Fibroblasts","Fibroblasts","Bgn","Tlr4","Bgn_Tlr4","Bgn_Tlr4_Fibroblasts_Fibroblasts",0.782823741007194,0.982464028776978,0.835785601681555,0.918024172359432,0.741479372311466,1.001,0.89246387302418,1,0.899082002874704,"age30m","brown",NA
"age30m-age3m","age30m","EndothelialCells","Fibroblasts","Nrp1","Pdgfrb","Nrp1_Pdgfrb","Nrp1_Pdgfrb_EndothelialCells_Fibroblasts",0.642086330935252,0.817221223021583,0.898581187598529,0.970572779821335,0.728174368617801,1.001,1.001,1,0.899067521551025,"age30m","brown",NA
"age30m-age3m","age30m","Leukocytes","EndothelialCells","C4b","Nrp1","C4b_Nrp1","C4b_Nrp1_Leukocytes_EndothelialCells",0.937275179856115,0.982014388489209,0.694167104571729,0.850761954808198,0.65977247294567,1.001,1.001,1,0.898980297801383,"age30m",NA,"brown"
"age30m-age3m","age30m","Leukocytes","Fibroblasts","Lama4","Itgav","Lama4_Itgav","Lama4_Itgav_Leukocytes_Fibroblasts",0.993255395683453,0.97886690647482,0.776142932212296,0.895165528113505,0.937285787840634,0.633634669557827,1.001,1,0.898939306440083,"age30m",NA,NA
"age30m-age3m","age30m","Fibroblasts","Fibroblasts","Gdf6","Bmpr1a","Gdf6_Bmpr1a","Gdf6_Bmpr1a_Fibroblasts_Fibroblasts",0.898156474820144,0.961330935251799,0.834471886495008,0.932475039411456,0.577976615741244,1.001,1.001,1,0.898865630621741,"age30m",NA,NA
"age30m-age3m","age30m","Fibroblasts","Fibroblasts","Il33","Il1rap","Il33_Il1rap","Il33_Il1rap_Fibroblasts_Fibroblasts",0.87589928057554,0.997302158273381,0.607987388334209,0.61297950604309,0.843799468886556,1.001,1.001,1,0.898813939249944,"age30m","darkorange",NA
"age30m-age3m","age30m","Leukocytes","Fibroblasts","Pf4","Thbd","Pf4_Thbd","Pf4_Thbd_Leukocytes_Fibroblasts",0.799460431654676,0.797661870503597,0.801891749868628,0.890698896479243,0.94150715261314,1.001,0.803312900588709,1,0.898446087909154,"age30m",NA,NA
"age30m-age3m","age30m","Fibroblasts","EndothelialCells","Mmp2","F2r","Mmp2_F2r","Mmp2_F2r_Fibroblasts_EndothelialCells",0.698291366906475,0.931205035971223,0.82264844981608,0.924330005254861,0.753961019867852,1.001,0.946682982059221,1,0.898313571816899,"age30m",NA,NA
"age30m-age3m","age30m","EndothelialCells","Fibroblasts","Efnb1","Naalad2","Efnb1_Naalad2","Efnb1_Naalad2_EndothelialCells_Fibroblasts",0.764838129496403,0.915692446043165,0.858118759852864,0.938255386232265,0.648313118479878,1.001,1.001,1,0.898127579882038,"age30m",NA,NA
"age30m-age3m","age30m","Fibroblasts","Fibroblasts","Wnt9a","Fzd2","Wnt9a_Fzd2","Wnt9a_Fzd2_Fibroblasts_Fibroblasts",0.860611510791367,0.959757194244604,0.815817130846033,0.905412506568576,0.615072443195542,1.001,1.001,1,0.897978602403472,"age30m",NA,NA
"age30m-age3m","age30m","Fibroblasts","Leukocytes","Tnfsf13b","Tnfrsf17","Tnfsf13b_Tnfrsf17","Tnfsf13b_Tnfrsf17_Fibroblasts_Leukocytes",0.888714028776978,0.991007194244604,0.837624802942722,0.769837099316868,0.642001415789275,1.001,1.001,1,0.897932163071643,"age30m",NA,NA
"age30m-age3m","age30m","Fibroblasts","Fibroblasts","Fbn1","Itgav","Fbn1_Itgav","Fbn1_Itgav_Fibroblasts_Fibroblasts",0.772482014388489,0.921762589928058,0.776142932212296,0.895165528113505,0.702238026133969,1.001,1.001,1,0.897835759742524,"age30m",NA,NA
"age30m-age3m","age30m","Leukocytes","Fibroblasts","Pf4","Ldlr","Pf4_Ldlr","Pf4_Ldlr_Leukocytes_Fibroblasts",0.799460431654676,0.797661870503597,0.666053599579611,0.667892800840778,0.94150715261314,1.001,0.978862448004214,1,0.897817325317781,"age30m",NA,NA
"age30m-age3m","age30m","Leukocytes","Fibroblasts","Adam9","Itgav","Adam9_Itgav","Adam9_Itgav_Leukocytes_Fibroblasts",0.82396582733813,0.893210431654676,0.776142932212296,0.895165528113505,0.780098443770891,0.909278873735148,1.001,1,0.89743661286089,"age30m",NA,NA
"age30m-age3m","age30m","Myocytes","EndothelialCells","Lgals3","Ptprk","Lgals3_Ptprk","Lgals3_Ptprk_Myocytes_EndothelialCells",0.798111510791367,0.798561151079137,0.663688912243826,0.69915922228061,0.953545210544409,0.945725143495871,1.001,1,0.896671792039625,"age30m","tan",NA
"age30m-age3m","age30m","Fibroblasts","EndothelialCells","Mmp2","Pecam1","Mmp2_Pecam1","Mmp2_Pecam1_Fibroblasts_EndothelialCells",0.698291366906475,0.931205035971223,0.722017866526537,0.895953757225434,0.753961019867852,1.001,1.001,1,0.896615838863781,"age30m",NA,NA
"age30m-age3m","age30m","Fibroblasts","Fibroblasts","Angpt1","Itga5","Angpt1_Itga5","Angpt1_Itga5_Fibroblasts_Fibroblasts",0.803057553956835,0.902428057553957,0.856542301629007,0.943772990015765,0.62441138368996,1.001,1.001,1,0.896551972544624,"age30m",NA,NA
"age30m-age3m","age30m","Leukocytes","Fibroblasts","C1qb","Lrp1","C1qb_Lrp1","C1qb_Lrp1_Leukocytes_Fibroblasts",0.72931654676259,0.746178057553957,0.814503415659485,0.952706253284288,0.754722549717034,1.001,1.001,1,0.896345781057866,"age30m",NA,NA
"age30m-age3m","age30m","Leukocytes","EndothelialCells","Tnf","Traf2","Tnf_Traf2","Tnf_Traf2_Leukocytes_EndothelialCells",0.746627697841727,0.774280575539568,0.634787178139779,0.649500788229112,1.001,1.001,0.97294754039235,1,0.896257610044574,"age30m",NA,NA
"age30m-age3m","age30m","Leukocytes","Fibroblasts","Tnf","Tnfrsf1b","Tnf_Tnfrsf1b","Tnf_Tnfrsf1b_Leukocytes_Fibroblasts",0.746627697841727,0.774280575539568,0.791382028376248,0.844718864950079,1.001,1.001,0.796660170213036,1,0.896194125594474,"age30m",NA,NA
"age30m-age3m","age30m","EndothelialCells","Fibroblasts","Nrp1","Plxna1","Nrp1_Plxna1","Nrp1_Plxna1_EndothelialCells_Fibroblasts",0.642086330935252,0.817221223021583,0.886232264844982,0.945874934314241,0.728174368617801,1.001,1.001,1,0.895980290862638,"age30m","brown","brown"
"age30m-age3m","age30m","Fibroblasts","EndothelialCells","Inhbb","Acvr1","Inhbb_Acvr1","Inhbb_Acvr1_Fibroblasts_EndothelialCells",0.949640287769784,0.99955035971223,0.884918549658434,0.957435627955859,0.477171125460597,1.001,1.001,1,0.895823923001458,"age30m","brown",NA
"age30m-age3m","age30m","Myocytes","Fibroblasts","Nrtn","Gfra1","Nrtn_Gfra1","Nrtn_Gfra1_Myocytes_Fibroblasts",0.899730215827338,0.946492805755396,0.805307409353652,0.814503415659485,0.639020659565584,1.001,1.001,1,0.895672930477253,"age30m","brown",NA
"age30m-age3m","age30m","Fibroblasts","Fibroblasts","Fgf18","Fgfr1","Fgf18_Fgfr1","Fgf18_Fgfr1_Fibroblasts_Fibroblasts",0.867805755395683,0.98021582733813,0.783236994219653,0.923016290068313,0.594498270374044,1.001,1.001,1,0.895605950647489,"age30m",NA,NA
"age30m-age3m","age30m","EndothelialCells","Fibroblasts","Hspg2","Lrp1","Hspg2_Lrp1","Hspg2_Lrp1_EndothelialCells_Fibroblasts",0.777203237410072,0.915017985611511,0.814503415659485,0.952706253284288,0.641836453316915,1.001,1.001,1,0.895591983216599,"age30m","brown",NA
"age30m-age3m","age30m","Fibroblasts","Fibroblasts","Wnt11","Lrp6","Wnt11_Lrp6","Wnt11_Lrp6_Fibroblasts_Fibroblasts",0.71919964028777,0.837679856115108,0.774566473988439,0.863899106673673,0.779891423006134,1.001,0.994566266295819,1,0.895521704639075,"age30m",NA,NA
"age30m-age3m","age30m","Leukocytes","Fibroblasts","Tgfb1","Acvrl1","Tgfb1_Acvrl1","Tgfb1_Acvrl1_Leukocytes_Fibroblasts",0.882868705035971,0.930305755395683,0.627430373095113,0.638991066736731,1.001,1.001,0.829975693392903,1,0.895295607254109,"age30m","brown",NA
"age30m-age3m","age30m","Fibroblasts","EndothelialCells","Ildr2","Csf2rb2","Ildr2_Csf2rb2","Ildr2_Csf2rb2_Fibroblasts_EndothelialCells",0.878372302158273,0.919064748201439,0.979243300052549,0.985286389910667,0.622721301101584,1.001,0.865403627065219,1,0.895018049721378,"age30m",NA,NA
"age30m-age3m","age30m","Fibroblasts","Leukocytes","C3","C3ar1","C3_C3ar1","C3_C3ar1_Fibroblasts_Leukocytes",0.886690647482014,0.998201438848921,0.745139253809774,0.765895953757225,0.669065205234356,1.001,1.001,1,0.894838142030554,"age30m",NA,NA
"age30m-age3m","age30m","Fibroblasts","Fibroblasts","Prg4","Tlr4","Prg4_Tlr4","Prg4_Tlr4_Fibroblasts_Fibroblasts",0.961330935251799,0.993255395683453,0.835785601681555,0.918024172359432,0.620917280551819,1.001,0.89246387302418,1,0.894763201010687,"age30m",NA,NA
"age30m-age3m","age30m","EndothelialCells","Leukocytes","Tgfb1","Tgfbr2","Tgfb1_Tgfbr2","Tgfb1_Tgfbr2_EndothelialCells_Leukocytes",0.775404676258993,0.856789568345324,0.772201786652654,0.859432475039411,0.848288700468806,0.886433515283746,1.001,1,0.894606078150124,"age30m","brown",NA
"age30m-age3m","age30m","EndothelialCells","Fibroblasts","Angpt2","Itga5","Angpt2_Itga5","Angpt2_Itga5_EndothelialCells_Fibroblasts",0.787320143884892,0.856789568345324,0.856542301629007,0.943772990015765,0.642809629106464,1.001,1.001,1,0.894503688507326,"age30m","brown",NA
"age30m-age3m","age30m","Leukocytes","Leukocytes","Tnf","Traf2","Tnf_Traf2","Tnf_Traf2_Leukocytes_Leukocytes",0.746627697841727,0.774280575539568,0.604046242774566,0.601156069364162,1.001,1.001,1.001,1,0.894342548793335,"age30m",NA,NA
"age30m-age3m","age30m","Leukocytes","Fibroblasts","Fn1","Itga9","Fn1_Itga9","Fn1_Itga9_Leukocytes_Fibroblasts",0.926258992805755,0.910071942446043,0.767472411981083,0.794534944823962,0.738361032998019,1.001,0.925993244348754,1,0.894087237229199,"age30m",NA,NA
"age30m-age3m","age30m","Leukocytes","EndothelialCells","Glg1","Unc5b","Glg1_Unc5b","Glg1_Unc5b_Leukocytes_EndothelialCells",0.581384892086331,0.584532374100719,0.809248554913295,0.929059379926432,0.910213674525228,1.001,1.001,1,0.894054379173103,"age30m",NA,NA
"age30m-age3m","age30m","Leukocytes","Fibroblasts","Adam9","Itgb5","Adam9_Itgb5","Adam9_Itgb5_Leukocytes_Fibroblasts",0.82396582733813,0.893210431654676,0.730425643720441,0.899632159747767,0.780098443770891,0.909278873735148,1.001,1,0.893999058122757,"age30m",NA,NA
"age30m-age3m","age30m","Fibroblasts","Leukocytes","Prg4","Tlr4","Prg4_Tlr4","Prg4_Tlr4_Fibroblasts_Leukocytes",0.961330935251799,0.993255395683453,0.663163426169207,0.671308460325801,0.717390799401773,1.001,1.001,1,0.893986651352817,"age30m",NA,NA
"age30m-age3m","age30m","Leukocytes","Leukocytes","Fn1","Sdc1","Fn1_Sdc1","Fn1_Sdc1_Leukocytes_Leukocytes",0.926258992805755,0.910071942446043,0.786127167630058,0.724645296899632,0.714358862109487,1.001,0.972649180858767,1,0.893593290476499,"age30m",NA,NA
"age30m-age3m","age30m","Fibroblasts","Leukocytes","Mpdz","Cldn5","Mpdz_Cldn5","Mpdz_Cldn5_Fibroblasts_Leukocytes",0.77023381294964,0.831384892086331,0.995796111403048,0.995796111403048,0.948030812270917,1.001,0.615476932187194,1,0.893518868063191,"age30m",NA,"lightcyan"
"age30m-age3m","age30m","Leukocytes","EndothelialCells","Lgals3","Mcam","Lgals3_Mcam","Lgals3_Mcam_Leukocytes_EndothelialCells",0.505845323741007,0.449190647482014,0.878612716763006,0.977141355754073,0.953545210544409,1.001,1.001,1,0.893490038735743,"age30m",NA,NA
"age30m-age3m","age30m","Fibroblasts","EndothelialCells","Bgn","Fgfr3","Bgn_Fgfr3","Bgn_Fgfr3_Fibroblasts_EndothelialCells",0.782823741007194,0.982464028776978,0.756437204414083,0.825538623226485,0.682396395208481,1.001,1.001,1,0.893004698986808,"age30m","brown",NA
"age30m-age3m","age30m","Fibroblasts","EndothelialCells","Prg4","Tlr4","Prg4_Tlr4","Prg4_Tlr4_Fibroblasts_EndothelialCells",0.961330935251799,0.993255395683453,0.873883342091435,0.897004729374672,0.68752392985946,1.001,0.806588761931833,1,0.892974982165329,"age30m",NA,NA
"age30m-age3m","age30m","Fibroblasts","Leukocytes","Hp","Tlr4","Hp_Tlr4","Hp_Tlr4_Fibroblasts_Leukocytes",0.965602517985611,0.950089928057554,0.663163426169207,0.671308460325801,0.759541171344343,0.971548839986116,1.001,1,0.892862029599924,"age30m",NA,NA
"age30m-age3m","age30m","Fibroblasts","EndothelialCells","Jam3","Jam2","Jam3_Jam2","Jam3_Jam2_Fibroblasts_EndothelialCells",0.748426258992806,0.856115107913669,0.770625328428797,0.856016815554388,0.821530531789931,0.915783122985262,1.001,1,0.892317568370004,"age30m",NA,"brown"
"age30m-age3m","age30m","Leukocytes","Leukocytes","Hp","Tlr4","Hp_Tlr4","Hp_Tlr4_Leukocytes_Leukocytes",0.95863309352518,0.888489208633094,0.663163426169207,0.671308460325801,0.759541171344343,1.001,1.001,1,0.892056377611831,"age30m",NA,NA
"age30m-age3m","age30m","Leukocytes","EndothelialCells","Tgfb1","App","Tgfb1_App","Tgfb1_App_Leukocytes_EndothelialCells",0.882868705035971,0.930305755395683,0.531266421439832,0.354177614293221,1.001,1.001,1.001,1,0.892051541347059,"age30m","brown",NA
"age30m-age3m","age30m","EndothelialCells","EndothelialCells","Tgfb2","Eng","Tgfb2_Eng","Tgfb2_Eng_EndothelialCells_EndothelialCells",0.848696043165468,0.898830935251799,0.795060430898581,0.948502364687336,1.001,0.602079415202045,1.001,1,0.891604050367273,"age30m",NA,NA
"age30m-age3m","age30m","Fibroblasts","EndothelialCells","C4b","Nrp1","C4b_Nrp1","C4b_Nrp1_Fibroblasts_EndothelialCells",0.941996402877698,0.987410071942446,0.694167104571729,0.850761954808198,0.65977247294567,0.946899129981078,1.001,1,0.89080656167113,"age30m",NA,"brown"
"age30m-age3m","age30m","Fibroblasts","Fibroblasts","Ltbp1","Itgb5","Ltbp1_Itgb5","Ltbp1_Itgb5_Fibroblasts_Fibroblasts",0.783947841726619,0.941097122302158,0.730425643720441,0.899632159747767,0.665211664339326,1.001,1.001,1,0.89079384134797,"age30m",NA,NA
"age30m-age3m","age30m","EndothelialCells","Fibroblasts","Eng","Itgav","Eng_Itgav","Eng_Itgav_EndothelialCells_Fibroblasts",0.739208633093525,0.926708633093525,0.776142932212296,0.895165528113505,0.67348638399572,1.001,1.001,1,0.890683207875358,"age30m",NA,NA
"age30m-age3m","age30m","Leukocytes","Fibroblasts","Apoe","Lrp1","Apoe_Lrp1","Apoe_Lrp1_Leukocytes_Fibroblasts",0.759892086330935,0.870503597122302,0.814503415659485,0.952706253284288,0.64263068639959,1.001,1.001,1,0.890572227099682,"age30m",NA,NA
"age30m-age3m","age30m","EndothelialCells","Fibroblasts","Lpl","Lrp1","Lpl_Lrp1","Lpl_Lrp1_EndothelialCells_Fibroblasts",0.821717625899281,0.974370503597122,0.814503415659485,0.952706253284288,0.559589266594897,1.001,1.001,1,0.890539694302497,"age30m","brown",NA
"age30m-age3m","age30m","EndothelialCells","Fibroblasts","Hspg2","Fgfr1","Hspg2_Fgfr1","Hspg2_Fgfr1_EndothelialCells_Fibroblasts",0.777203237410072,0.915017985611511,0.783236994219653,0.923016290068313,0.641836453316915,1.001,1.001,1,0.890512284495281,"age30m","brown",NA
"age30m-age3m","age30m","Fibroblasts","EndothelialCells","Tgfb2","Tgfbr1","Tgfb2_Tgfbr1","Tgfb2_Tgfbr1_Fibroblasts_EndothelialCells",0.768660071942446,0.926258992805755,0.813977929584866,0.862848134524435,1.001,1.001,0.654812797165702,1,0.890447560265742,"age30m",NA,NA
"age30m-age3m","age30m","Fibroblasts","Fibroblasts","Inhba","Tgfbr3","Inhba_Tgfbr3","Inhba_Tgfbr3_Fibroblasts_Fibroblasts",0.826214028776978,0.928057553956835,0.727272727272727,0.835522858644246,0.680142409351962,1.001,1.001,1,0.890112665612892,"age30m",NA,NA
"age30m-age3m","age30m","EndothelialCells","EndothelialCells","Jam2","Jam2","Jam2_Jam2","Jam2_Jam2_EndothelialCells_EndothelialCells",0.712904676258993,0.823291366906475,0.770625328428797,0.856016815554388,0.756960217755796,1.001,1.001,1,0.89006321855502,"age30m","brown","brown"
"age30m-age3m","age30m","Fibroblasts","Fibroblasts","Wnt9a","Lrp6","Wnt9a_Lrp6","Wnt9a_Lrp6_Fibroblasts_Fibroblasts",0.860611510791367,0.959757194244604,0.774566473988439,0.863899106673673,0.615072443195542,1.001,0.994566266295819,1,0.8900093087234,"age30m",NA,NA
"age30m-age3m","age30m","Fibroblasts","Fibroblasts","Wnt11","Fzd8","Wnt11_Fzd8","Wnt11_Fzd8_Fibroblasts_Fibroblasts",0.71919964028777,0.837679856115108,0.780609563846558,0.791119285338938,0.779891423006134,1.001,0.994769225335993,1,0.889994136856052,"age30m",NA,NA
"age30m-age3m","age30m","Fibroblasts","Leukocytes","Il34","Csf1r","Il34_Csf1r","Il34_Csf1r_Fibroblasts_Leukocytes",0.935926258992806,0.95773381294964,0.717813977929585,0.74172359432475,0.660520364340711,1.001,1.001,1,0.88985319773985,"age30m",NA,NA
"age30m-age3m","age30m","Fibroblasts","Leukocytes","Tgfb1","Tgfbr2","Tgfb1_Tgfbr2","Tgfb1_Tgfbr2_Fibroblasts_Leukocytes",0.942895683453237,0.97931654676259,0.772201786652654,0.859432475039411,0.848288700468806,0.710412932608523,1.001,1,0.889437479838546,"age30m","brown",NA
"age30m-age3m","age30m","Fibroblasts","EndothelialCells","Hp","Tlr4","Hp_Tlr4","Hp_Tlr4_Fibroblasts_EndothelialCells",0.965602517985611,0.950089928057554,0.873883342091435,0.897004729374672,0.715044902700265,0.971548839986116,0.806588761931833,1,0.889412127228808,"age30m",NA,NA
"age30m-age3m","age30m","Fibroblasts","Fibroblasts","Fgf10","Fgfr1","Fgf10_Fgfr1","Fgf10_Fgfr1_Fibroblasts_Fibroblasts",0.808453237410072,0.846223021582734,0.783236994219653,0.923016290068313,0.653938072640522,1.001,1.001,1,0.889400474046818,"age30m",NA,NA
"age30m-age3m","age30m","Leukocytes","Fibroblasts","Tnf","Traf2","Tnf_Traf2","Tnf_Traf2_Leukocytes_Fibroblasts",0.746627697841727,0.774280575539568,0.652128218602207,0.664739884393064,1.001,1.001,0.914874752511852,1,0.889293823450022,"age30m",NA,NA
"age30m-age3m","age30m","Fibroblasts","EndothelialCells","Il6","Il6st","Il6_Il6st","Il6_Il6st_Fibroblasts_EndothelialCells",0.744154676258993,0.757643884892086,0.715449290593799,0.810562270099842,0.986685104983521,1.001,0.833270255864353,1,0.889143403628372,"age30m",NA,NA
"age30m-age3m","age30m","Leukocytes","Leukocytes","Tgfb1","Tgfbr1","Tgfb1_Tgfbr1","Tgfb1_Tgfbr1_Leukocytes_Leukocytes",0.882868705035971,0.930305755395683,0.662112454019968,0.662375197057278,0.848288700468806,1.001,0.915871449465719,1,0.888998534281496,"age30m","brown",NA
"age30m-age3m","age30m","Leukocytes","Fibroblasts","Il1b","Il1rap","Il1b_Il1rap","Il1b_Il1rap_Leukocytes_Fibroblasts",0.700989208633094,0.739208633093525,0.607987388334209,0.61297950604309,1.001,1.001,1.001,1,0.888930394675326,"age30m",NA,NA
"age30m-age3m","age30m","Fibroblasts","Fibroblasts","Lamc1","Itgav","Lamc1_Itgav","Lamc1_Itgav_Fibroblasts_Fibroblasts",0.835206834532374,0.976169064748201,0.776142932212296,0.895165528113505,0.588803811199573,1.001,1.001,1,0.88869099850046,"age30m","brown",NA
"age30m-age3m","age30m","EndothelialCells","Fibroblasts","Lama4","Itgav","Lama4_Itgav","Lama4_Itgav_EndothelialCells_Fibroblasts",0.593974820143885,0.620953237410072,0.776142932212296,0.895165528113505,0.937285787840634,0.950451527399632,1.001,1,0.888642595696691,"age30m",NA,NA
"age30m-age3m","age30m","Leukocytes","EndothelialCells","Hp","Tlr4","Hp_Tlr4","Hp_Tlr4_Leukocytes_EndothelialCells",0.95863309352518,0.888489208633094,0.873883342091435,0.897004729374672,0.715044902700265,1.001,0.806588761931833,1,0.888606475240715,"age30m",NA,NA
"age30m-age3m","age30m","Fibroblasts","Leukocytes","Angpt1","Tek","Angpt1_Tek","Angpt1_Tek_Fibroblasts_Leukocytes",0.803057553956835,0.902428057553957,0.960325801366264,0.950604308985812,1.001,1.001,0.520447305946104,1,0.888442527812923,"age30m",NA,NA
"age30m-age3m","age30m","Leukocytes","Leukocytes","Ccl6","Fpr2","Ccl6_Fpr2","Ccl6_Fpr2_Leukocytes_Leukocytes",0.639838129496403,0.682104316546763,0.753021544929059,0.756699947451393,0.912085985871553,1.001,1.001,1,0.88831965918056,"age30m",NA,NA
"age30m-age3m","age30m","Leukocytes","EndothelialCells","Apoc2","Lpl","Apoc2_Lpl","Apoc2_Lpl_Leukocytes_EndothelialCells",0.907374100719424,0.880395683453237,0.874408828166054,0.981607987388334,0.505017061740319,1.001,1.001,1,0.888151726933974,"age30m",NA,"brown"
"age30m-age3m","age30m","EndothelialCells","Fibroblasts","Nrp1","Pdgfra","Nrp1_Pdgfra","Nrp1_Pdgfra_EndothelialCells_Fibroblasts",0.642086330935252,0.817221223021583,0.827640567524961,0.909879138202838,0.728174368617801,1.001,1.001,1,0.888097999743353,"age30m","brown","brown"
"age30m-age3m","age30m","EndothelialCells","Fibroblasts","Vegfc","Vipr2","Vegfc_Vipr2","Vegfc_Vipr2_EndothelialCells_Fibroblasts",0.793615107913669,0.831834532374101,0.862059905412507,0.875985286389911,0.644174243144274,1.001,1.001,1,0.887986943198228,"age30m",NA,NA
"age30m-age3m","age30m","Leukocytes","Fibroblasts","Apoc2","Lrp1","Apoc2_Lrp1","Apoc2_Lrp1_Leukocytes_Fibroblasts",0.907374100719424,0.880395683453237,0.814503415659485,0.952706253284288,0.547794804152001,1.001,1.001,1,0.88788075511837,"age30m",NA,NA
"age30m-age3m","age30m","EndothelialCells","Leukocytes","Efnb1","Slamf9","Efnb1_Slamf9","Efnb1_Slamf9_EndothelialCells_Leukocytes",0.764838129496403,0.915692446043165,0.788229111928534,0.832895428271151,0.674395311511814,1.001,1.001,1,0.88787047823024,"age30m",NA,NA
"age30m-age3m","age30m","Fibroblasts","Leukocytes","Vegfa","Nrp2","Vegfa_Nrp2","Vegfa_Nrp2_Fibroblasts_Leukocytes",0.552607913669065,0.546762589928058,0.911718339464004,0.954808197582764,1.001,1.001,0.841833376579154,1,0.88779698281685,"age30m","yellow",NA
"age30m-age3m","age30m","EndothelialCells","Leukocytes","Vegfa","Nrp2","Vegfa_Nrp2","Vegfa_Nrp2_EndothelialCells_Leukocytes",0.827562949640288,0.835431654676259,0.911718339464004,0.954808197582764,1.001,0.718671266979027,0.841833376579154,1,0.887710869039973,"age30m",NA,NA
"age30m-age3m","age30m","Fibroblasts","Leukocytes","Dcn","Tlr2","Dcn_Tlr2","Dcn_Tlr2_Fibroblasts_Leukocytes",0.72886690647482,0.932104316546763,0.821071991592223,0.899106673673148,0.630909076785327,1.001,1.001,1,0.887247336821467,"age30m","brown",NA
"age30m-age3m","age30m","EndothelialCells","EndothelialCells","Nrp1","Flt1","Nrp1_Flt1","Nrp1_Flt1_EndothelialCells_EndothelialCells",0.642086330935252,0.817221223021583,0.678928008407777,0.813452443510247,0.84509209777868,1.001,1.001,1,0.887156016786018,"age30m","brown",NA
"age30m-age3m","age30m","Fibroblasts","Leukocytes","Ang","Plxnb2","Ang_Plxnb2","Ang_Plxnb2_Fibroblasts_Leukocytes",0.830035971223022,0.975719424460432,0.625853914871256,0.628744088281661,0.788537532460468,1.001,1.001,1,0.886785705313109,"age30m",NA,NA
"age30m-age3m","age30m","Fibroblasts","Fibroblasts","Tgfb3","Tgfbr3","Tgfb3_Tgfbr3","Tgfb3_Tgfbr3_Fibroblasts_Fibroblasts",0.64523381294964,0.705935251798561,0.727272727272727,0.835522858644246,0.86154624768789,1.001,1.001,1,0.886754762170079,"age30m",NA,NA
"age30m-age3m","age30m","Fibroblasts","Leukocytes","Timp1","Cd63","Timp1_Cd63","Timp1_Cd63_Fibroblasts_Leukocytes",0.83273381294964,0.968525179856115,0.804519180241724,0.927745664739884,0.67661346155378,1.001,0.875786748317642,1,0.886693688127517,"age30m",NA,NA
"age30m-age3m","age30m","Fibroblasts","Fibroblasts","Angptl2","Itga5","Angptl2_Itga5","Angptl2_Itga5_Fibroblasts_Fibroblasts",0.804406474820144,0.955935251798561,0.856542301629007,0.943772990015765,0.536928954978666,1.001,1.001,1,0.886542910685067,"age30m",NA,NA
"age30m-age3m","age30m","Fibroblasts","Fibroblasts","Gpc6","Lrp1","Gpc6_Lrp1","Gpc6_Lrp1_Fibroblasts_Fibroblasts",0.795413669064748,0.892086330935252,0.814503415659485,0.952706253284288,0.589070553236222,1.001,1.001,1,0.886404231284685,"age30m","brown",NA
"age30m-age3m","age30m","EndothelialCells","Leukocytes","Jam2","Itgav","Jam2_Itgav","Jam2_Itgav_EndothelialCells_Leukocytes",0.712904676258993,0.823291366906475,0.641093011035208,0.647924330005255,1.001,1.001,0.90163807855711,1,0.886040795110012,"age30m","brown",NA
"age30m-age3m","age30m","Leukocytes","Fibroblasts","Plekho2","Pdgfrb","Plekho2_Pdgfrb","Plekho2_Pdgfrb_Leukocytes_Fibroblasts",0.716726618705036,0.830035971223022,0.898581187598529,0.970572779821335,0.605654325841215,1.001,1.001,1,0.885935434085862,"age30m",NA,NA
"age30m-age3m","age30m","Fibroblasts","Fibroblasts","Hspg2","Lrp1","Hspg2_Lrp1","Hspg2_Lrp1_Fibroblasts_Fibroblasts",0.835206834532374,0.919514388489209,0.814503415659485,0.952706253284288,0.641836453316915,0.909977674391906,1.001,1,0.885629928948583,"age30m","brown",NA
"age30m-age3m","age30m","Fibroblasts","Fibroblasts","Wnt11","Fzd7","Wnt11_Fzd7","Wnt11_Fzd7_Fibroblasts_Fibroblasts",0.71919964028777,0.837679856115108,0.734629532317394,0.771150814503416,0.779891423006134,1.001,1.001,1,0.885536890769663,"age30m",NA,NA
"age30m-age3m","age30m","Leukocytes","Leukocytes","Apoe","Trem2","Apoe_Trem2","Apoe_Trem2_Leukocytes_Leukocytes",0.759892086330935,0.870503597122302,0.777193904361534,0.820809248554913,0.696607526068044,1.001,1.001,1,0.885467824042148,"age30m",NA,NA
"age30m-age3m","age30m","Myocytes","Fibroblasts","Fgf12","Fgfr1","Fgf12_Fgfr1","Fgf12_Fgfr1_Myocytes_Fibroblasts",0.858363309352518,0.83408273381295,0.783236994219653,0.923016290068313,0.611177892494563,1.001,1.001,1,0.885421259370213,"age30m",NA,NA
"age30m-age3m","age30m","Fibroblasts","Fibroblasts","Ahsg","Insr","Ahsg_Insr","Ahsg_Insr_Fibroblasts_Fibroblasts",0.806879496402878,0.914568345323741,0.784550709406201,0.827115081450342,0.639590890258404,1.001,1.001,1,0.884691284424997,"age30m",NA,NA
"age30m-age3m","age30m","Fibroblasts","Fibroblasts","Wnt9a","Fzd8","Wnt9a_Fzd8","Wnt9a_Fzd8_Fibroblasts_Fibroblasts",0.860611510791367,0.959757194244604,0.780609563846558,0.791119285338938,0.615072443195542,1.001,0.994769225335993,1,0.884481740940378,"age30m",NA,NA
"age30m-age3m","age30m","Myocytes","Fibroblasts","Aimp1","Ntrk1","Aimp1_Ntrk1","Aimp1_Ntrk1_Myocytes_Fibroblasts",0.78125,0.808453237410072,0.904624277456647,0.966368891224383,0.573842377668657,1.001,1.001,1,0.884365096785701,"age30m","brown",NA
"age30m-age3m","age30m","Fibroblasts","Fibroblasts","Tnxb","Itgav","Tnxb_Itgav","Tnxb_Itgav_Fibroblasts_Fibroblasts",0.816097122302158,0.967176258992806,0.776142932212296,0.895165528113505,0.576301807286071,1.001,1.001,1,0.884265454682742,"age30m","brown",NA
"age30m-age3m","age30m","Fibroblasts","Fibroblasts","Mmp14","Adam9","Mmp14_Adam9","Mmp14_Adam9_Fibroblasts_Fibroblasts",0.670188848920863,0.804856115107914,0.879663688912244,0.955859169732002,0.648000736601542,1.001,1.001,1,0.884214107989676,"age30m",NA,NA
"age30m-age3m","age30m","Leukocytes","EndothelialCells","Lgals3","Eng","Lgals3_Eng","Lgals3_Eng_Leukocytes_EndothelialCells",0.505845323741007,0.449190647482014,0.795060430898581,0.948502364687336,0.953545210544409,1.001,1.001,1,0.884140765658146,"age30m",NA,NA
"age30m-age3m","age30m","Leukocytes","EndothelialCells","Tgfb1","Itgb1","Tgfb1_Itgb1","Tgfb1_Itgb1_Leukocytes_EndothelialCells",0.882868705035971,0.930305755395683,0.527588018917499,0.260115606936416,1.001,1.001,1.001,1,0.883906507190464,"age30m","brown",NA
"age30m-age3m","age30m","Fibroblasts","Fibroblasts","Tgfb3","Tgfbr2","Tgfb3_Tgfbr2","Tgfb3_Tgfbr2_Fibroblasts_Fibroblasts",0.64523381294964,0.705935251798561,0.730425643720441,0.854440357330531,0.86154624768789,1.001,0.9725641509851,1,0.883854655262096,"age30m",NA,NA
"age30m-age3m","age30m","EndothelialCells","EndothelialCells","Bmp4","Bmpr2","Bmp4_Bmpr2","Bmp4_Bmpr2_EndothelialCells_EndothelialCells",0.91591726618705,0.992805755395683,0.559642669469259,0.54282711508145,0.795402089812943,1.001,1.001,1,0.883833082146611,"age30m",NA,NA
"age30m-age3m","age30m","Leukocytes","Leukocytes","Tgfb1","Itgav","Tgfb1_Itgav","Tgfb1_Itgav_Leukocytes_Leukocytes",0.882868705035971,0.930305755395683,0.641093011035208,0.647924330005255,0.848288700468806,1.001,0.90163807855711,1,0.883670446626996,"age30m","brown",NA
"age30m-age3m","age30m","Fibroblasts","Fibroblasts","Negr1","Negr1","Negr1_Negr1","Negr1_Negr1_Fibroblasts_Fibroblasts",0.746627697841727,0.718974820143885,0.801366263794009,0.770362585391487,0.780539587956489,1.001,1.001,1,0.883534211923674,"age30m",NA,NA
"age30m-age3m","age30m","Leukocytes","Leukocytes","Ccl9","Ccr1","Ccl9_Ccr1","Ccl9_Ccr1_Leukocytes_Leukocytes",0.69761690647482,0.746178057553957,0.671571203363111,0.65055176037835,0.915989239126873,1.001,1.001,1,0.883491367168665,"age30m",NA,NA
"age30m-age3m","age30m","Fibroblasts","Fibroblasts","Bmp4","Bmpr1a","Bmp4_Bmpr1a","Bmp4_Bmpr1a_Fibroblasts_Fibroblasts",0.494379496402878,0.395458633093525,0.834471886495008,0.932475039411456,0.97922279011706,0.990597520991779,1.001,1,0.883202139801712,"age30m","yellow",NA
"age30m-age3m","age30m","EndothelialCells","Fibroblasts","Vwf","Itgav","Vwf_Itgav","Vwf_Itgav_EndothelialCells_Fibroblasts",0.775404676258993,0.871852517985611,0.776142932212296,0.895165528113505,0.637102554817948,1.001,1.001,1,0.883064230350525,"age30m",NA,NA
"age30m-age3m","age30m","Leukocytes","EndothelialCells","Tnfsf9","Traf2","Tnfsf9_Traf2","Tnfsf9_Traf2_Leukocytes_EndothelialCells",0.764838129496403,0.744604316546763,0.634787178139779,0.649500788229112,0.927506788040717,1.001,0.97294754039235,1,0.883053255773182,"age30m",NA,NA
"age30m-age3m","age30m","Leukocytes","Leukocytes","Cfh","Cfb","Cfh_Cfb","Cfh_Cfb_Leukocytes_Leukocytes",0.79136690647482,0.82261690647482,0.987125591171834,0.998949027850762,0.69928674724229,0.796278508614442,1.001,1,0.882765745307142,"age30m",NA,NA
"age30m-age3m","age30m","Fibroblasts","Fibroblasts","Col5a1","Ddr2","Col5a1_Ddr2","Col5a1_Ddr2_Fibroblasts_Fibroblasts",0.755620503597122,0.878597122302158,0.761692065160273,0.874934314240673,0.657201543114906,1.001,1.001,1,0.882437257627503,"age30m",NA,NA
"age30m-age3m","age30m","Myocytes","EndothelialCells","Nppa","Npr2","Nppa_Npr2","Nppa_Npr2_Myocytes_EndothelialCells",0.888714028776978,0.818794964028777,0.684445612191277,0.738833420914346,0.726601703553215,1.001,1.001,1,0.882332619418151,"age30m","brown",NA
"age30m-age3m","age30m","Leukocytes","Fibroblasts","Cfh","Cfb","Cfh_Cfb","Cfh_Cfb_Leukocytes_Fibroblasts",0.79136690647482,0.82261690647482,0.972674724119811,0.991066736731477,0.772286920341613,0.796278508614442,0.935204931842094,1,0.882105499616435,"age30m",NA,NA
"age30m-age3m","age30m","Fibroblasts","Fibroblasts","Inhba","Acvr1","Inhba_Acvr1","Inhba_Acvr1_Fibroblasts_Fibroblasts",0.826214028776978,0.928057553956835,0.812926957435628,0.901996847083552,0.680142409351962,1.001,0.876734851761657,1,0.882079159123353,"age30m",NA,NA
"age30m-age3m","age30m","Fibroblasts","EndothelialCells","Thbs2","Cd36","Thbs2_Cd36","Thbs2_Cd36_Fibroblasts_EndothelialCells",0.773606115107914,0.938174460431655,0.854440357330531,0.953231739358907,0.530577183612013,1.001,1.001,1,0.882050586621086,"age30m",NA,"brown"
"age30m-age3m","age30m","EndothelialCells","Leukocytes","Cd59a","Stab1","Cd59a_Stab1","Cd59a_Stab1_EndothelialCells_Leukocytes",0.730665467625899,0.850719424460432,0.895428271150814,0.901208617971624,0.621383222041872,0.9801892351423,1.001,1,0.881930557964759,"age30m",NA,NA
"age30m-age3m","age30m","EndothelialCells","Fibroblasts","Jam3","Jam3","Jam3_Jam3","Jam3_Jam3_EndothelialCells_Fibroblasts",0.772032374100719,0.902877697841727,0.803993694167105,0.892800840777719,0.688704038185583,1.001,0.915783122985262,1,0.88188991076908,"age30m",NA,NA
"age30m-age3m","age30m","Leukocytes","Fibroblasts","Pros1","Axl","Pros1_Axl","Pros1_Axl_Leukocytes_Fibroblasts",0.76978417266187,0.879721223021583,0.826589595375723,0.947976878612717,0.598132159123107,0.980139566557391,1.001,1,0.881884610086074,"age30m",NA,"brown"
"age30m-age3m","age30m","Fibroblasts","Fibroblasts","Ang","Egfr","Ang_Egfr","Ang_Egfr_Fibroblasts_Fibroblasts",0.830035971223022,0.975719424460432,0.471361008933263,0.34393063583815,0.97500608362884,1.001,1.001,1,0.881254933976045,"age30m",NA,NA
"age30m-age3m","age30m","Myocytes","Fibroblasts","Nrtn","Ret","Nrtn_Ret","Nrtn_Ret_Myocytes_Fibroblasts",0.899730215827338,0.946492805755396,0.710719915922228,0.733053074093536,0.639020659565584,1.001,1.001,1,0.881003110894139,"age30m","brown",NA
"age30m-age3m","age30m","Fibroblasts","Fibroblasts","Nrxn2","Nlgn2","Nrxn2_Nlgn2","Nrxn2_Nlgn2_Fibroblasts_Fibroblasts",0.898156474820144,0.973471223021583,0.909090909090909,0.986862848134524,0.400006973433978,1.001,1.001,1,0.880966283494593,"age30m",NA,NA
"age30m-age3m","age30m","Fibroblasts","Fibroblasts","Lsamp","Negr1","Lsamp_Negr1","Lsamp_Negr1_Fibroblasts_Fibroblasts",0.714478417266187,0.756519784172662,0.801366263794009,0.770362585391487,0.761136878794266,1.001,1.001,1,0.880750067351073,"age30m",NA,NA
"age30m-age3m","age30m","Leukocytes","Leukocytes","Il1b","Il1rap","Il1b_Il1rap","Il1b_Il1rap_Leukocytes_Leukocytes",0.700989208633094,0.739208633093525,0.825538623226485,0.784287966368891,1.001,1.001,0.756531788709172,1,0.880590667395028,"age30m",NA,NA
"age30m-age3m","age30m","EndothelialCells","Fibroblasts","Adam15","Itga5","Adam15_Itga5","Adam15_Itga5_EndothelialCells_Fibroblasts",0.766411870503597,0.95818345323741,0.856542301629007,0.943772990015765,0.518853438738747,1.001,1.001,1,0.880551457738606,"age30m",NA,NA
"age30m-age3m","age30m","Fibroblasts","Fibroblasts","Hspg2","Fgfr1","Hspg2_Fgfr1","Hspg2_Fgfr1_Fibroblasts_Fibroblasts",0.835206834532374,0.919514388489209,0.783236994219653,0.923016290068313,0.641836453316915,0.909977674391906,1.001,1,0.880550230227266,"age30m","brown",NA
"age30m-age3m","age30m","Fibroblasts","EndothelialCells","Angpt1","Tie1","Angpt1_Tie1","Angpt1_Tie1_Fibroblasts_EndothelialCells",0.803057553956835,0.902428057553957,0.593273778244876,0.566473988439306,0.848366206695775,1.001,1.001,1,0.880497149298877,"age30m",NA,NA
